verb_lemma	P(verb)	P(CAUS)	expected_P(CAUS^verb)	actual_P(CAUS^verb)	log_odds_ratio
ol	0.152	0.064	0.009728	3.44713474160278e-05	5.643
et	0.052	0.064	0.003328	0.019771105513392676	-1.782
yap	0.038	0.064	0.002432	0.021911094393061027	-2.198
al	0.03	0.064	0.00192	0.0025214321734745334	-0.273
bulun	0.024	0.064	0.001536	0.022042035263783868	-2.664
ver	0.021	0.064	0.0013440000000000001	0.0020724365933089905	-0.433
i	0.019	0.064	0.001216	1.1301605958206661e-15	27.704
çık	0.018	0.064	0.001152	0.28967810931825927	-5.527
kullan	0.018	0.064	0.001152	0.0006960009437300932	0.504
başla	0.017	0.064	0.0010880000000000002	0.07594110484893368	-4.246
gel	0.015	0.064	0.00096	1.3689628737268646e-15	27.276
çalış	0.015	0.064	0.00096	0.03962517498500129	-3.72
kur	0.013	0.064	0.000832	0.0033715012722646313	-1.399
oluş	0.012	0.064	0.000768	0.47796512903606936	-6.434
gör	0.01	0.064	0.00064	0.0002603645103144402	0.899
kal	0.01	0.064	0.00064	2.0408163265306123e-05	3.446
kazan	0.009	0.064	0.000576	0.07271501940461528	-4.838
oyna	0.009	0.064	0.000576	0.019651800620081088	-3.53
yaşa	0.009	0.064	0.000576	0.018694944465721945	-3.48
göster	0.009	0.064	0.000576	2.42001839213978e-15	26.196
gir	0.008	0.064	0.000512	0.00017569840114454958	1.07
bil	0.008	0.064	0.000512	0.11501216791725816	-5.414
geç	0.008	0.064	0.000512	2.6154047338825685e-15	26.0
yaz	0.007	0.064	0.000448	0.013736822234484362	-3.423
sür	0.007	0.064	0.000448	0.33305069878954446	-6.611
sağla	0.007	0.064	0.000448	0.00015270905870136216	1.076
kat	0.007	0.064	0.000448	3.1247070587132456e-15	25.689
öl	0.006	0.064	0.000384	0.4667827657378741	-7.103
geliş	0.006	0.064	0.000384	0.49632983023443816	-7.164
getir	0.006	0.064	0.000384	0.012446572063600616	-3.479
çek	0.006	0.064	0.000384	0.007992461259248919	-3.036
de	0.006	0.064	0.000384	0.0015861825872400424	-1.418
aç	0.006	0.064	0.000384	0.003666495563540368	-2.256
at	0.006	0.064	0.000384	0.006107970712090747	-2.767
git	0.005	0.064	0.00032	3.837298541826554e-15	25.147
ayır	0.005	0.064	0.00032	0.03671791628789376	-4.743
yayınla	0.005	0.064	0.00032	0.003038515233637185	-2.251
alın	0.005	0.064	0.00032	4.2076916603551294e-15	25.055
düzenle	0.005	0.064	0.00032	0.0011463994565217392	-1.276
taşı	0.005	0.064	0.00032	0.0020137103684661527	-1.839
dön	0.005	0.064	0.00032	0.03502551241027415	-4.696
söyle	0.005	0.064	0.00032	0.0029962881803139393	-2.237
iste	0.005	0.064	0.00032	0.00027183762232693004	0.163
seç	0.005	0.064	0.00032	0.0027539358332950843	-2.152
geçir	0.005	0.064	0.00032	0.002029894814541428	-1.847
değiş	0.004	0.064	0.000256	0.5836089854356948	-7.732
bul	0.004	0.064	0.000256	0.0012595780413561456	-1.593
ulaş	0.004	0.064	0.000256	0.07151945710953239	-5.633
tanı	0.004	0.064	0.000256	0.1451587004228443	-6.34
gerek	0.004	0.064	0.000256	0.11880303707012059	-6.14
bırak	0.004	0.064	0.000256	0.0024343297101449275	-2.252
üre	0.004	0.064	0.000256	0.8796455967176072	-8.142
giy	0.003	0.064	0.000192	0.023308077565172725	-4.799
açıkla	0.003	0.064	0.000192	6.524434005350036e-15	24.105
sat	0.003	0.064	0.000192	0.0005246245655452816	-1.005
tamamla	0.003	0.064	0.000192	0.0016143135804129953	-2.129
yayımla	0.003	0.064	0.000192	0.003583735354927636	-2.927
belir	0.003	0.064	0.000192	0.9432130040109774	-8.5
araştır	0.003	0.064	0.000192	0.00021138669673055241	-0.096
doğ	0.003	0.064	0.000192	7.075137965190322e-05	0.998
yerleş	0.003	0.064	0.000192	0.30632425126271606	-7.375
gönder	0.003	0.064	0.000192	0.0010671599317017644	-1.715
düş	0.003	0.064	0.000192	7.204610951008645e-15	24.006
art	0.003	0.064	0.000192	0.20175820982272596	-6.957
düşün	0.003	0.064	0.000192	0.018025249945267458	-4.542
yüksel	0.003	0.064	0.000192	0.14064553819190886	-6.597
savun	0.003	0.064	0.000192	7.364854912358227e-15	23.984
tut	0.003	0.064	0.000192	0.02811275248718722	-4.986
anlat	0.003	0.064	0.000192	0.0006057852491291837	-1.149
konuş	0.003	0.064	0.000192	0.005947660586835844	-3.433
sun	0.003	0.064	0.000192	0.0036208561313163822	-2.937
içer	0.003	0.064	0.000192	8.055421298533913e-15	23.894
birleş	0.003	0.064	0.000192	0.3390743612766305	-7.476
kaybet	0.003	0.064	0.000192	0.00646481178396072	-3.517
topla	0.003	0.064	0.000192	0.013973368403748151	-4.287
hazırla	0.003	0.064	0.000192	0.01264559068219634	-4.188
yürü	0.002	0.064	0.000128	0.6450531959453799	-8.525
izle	0.002	0.064	0.000128	0.004545859702290757	-3.57
işle	0.002	0.064	0.000128	0.4271021291952364	-8.113
yarat	0.002	0.064	0.000128	0.00018078278947844165	-0.345
tanımla	0.002	0.064	0.000128	9.202171712524156e-05	0.33
belirle	0.002	0.064	0.000128	9.339684318670029e-15	23.341
oku	0.002	0.064	0.000128	0.06426392067124333	-6.219
var	0.002	0.064	0.000128	0.002487086282762579	-2.967
yönet	0.002	0.064	0.000128	0.0001915892326851231	-0.403
koru	0.002	0.064	0.000128	9.71534052268532e-05	0.276
bitir	0.002	0.064	0.000128	9.730466089325679e-05	0.274
yen(II)	0.002	0.064	0.000128	9.941346058256288e-15	23.279
dur	0.002	0.064	0.000128	0.3124367024508811	-7.8
bağla	0.002	0.064	0.000128	0.0028380295965943643	-3.099
uygula	0.002	0.064	0.000128	0.004247440644739708	-3.502
evlen	0.002	0.064	0.000128	0.054830573527799104	-6.06
başar	0.002	0.064	0.000128	1.1031439602868175e-14	23.175
say	0.002	0.064	0.000128	0.0009041591320072332	-1.955
dayan	0.002	0.064	0.000128	0.06804498466431898	-6.276
bas	0.002	0.064	0.000128	0.30863636363636365	-7.788
koy	0.002	0.064	0.000128	0.01125307701324581	-4.476
bak	0.002	0.064	0.000128	0.00129366106080207	-2.313
anlaş	0.002	0.064	0.000128	1.1803588290840416e-14	23.107
etkile	0.002	0.064	0.000128	0.00024044241404183698	-0.63
ilerle	0.002	0.064	0.000128	0.03305585716009169	-5.554
an	0.002	0.064	0.000128	1.218769043266301e-14	23.075
yetiş	0.002	0.064	0.000128	0.548470328050129	-8.363
duy	0.002	0.064	0.000128	1.2298610257040956e-14	23.066
uğra	0.002	0.064	0.000128	0.20829688866674997	-7.395
imzala	0.002	0.064	0.000128	0.00864336715520481	-4.213
uza	0.002	0.064	0.000128	0.2661907852044127	-7.64
incele	0.002	0.064	0.000128	0.0015598596126348628	-2.5
kaydet	0.002	0.064	0.000128	0.005493068270991368	-3.759
dönüş	0.002	0.064	0.000128	0.4096	-8.071
inan	0.002	0.064	0.000128	0.03100254999328949	-5.49
bekle	0.002	0.064	0.000128	0.04926638847758783	-5.953
ata	0.002	0.064	0.000128	0.00040584415584415587	-1.154
destekle	0.002	0.064	0.000128	1.3622122326658493e-14	22.964
kaldır	0.002	0.064	0.000128	0.005746340128608565	-3.804
çal	0.002	0.064	0.000128	0.02081336437080652	-5.091
öğren	0.002	0.064	0.000128	1.394700139470014e-14	22.94
ara	0.001	0.064	6.4e-05	0.011908097506304286	-5.226
kaç	0.001	0.064	6.4e-05	1.4184397163120568e-14	22.23
üstlen	0.001	0.064	6.4e-05	0.00014259232853272493	-0.801
yakala	0.001	0.064	6.4e-05	0.008653014133256417	-4.907
büyü	0.001	0.064	6.4e-05	0.12602820211515864	-7.585
azal	0.001	0.064	6.4e-05	0.3867611580217129	-8.707
kurtul	0.001	0.064	6.4e-05	1.5179113539769277e-14	22.162
kapa	0.001	0.064	6.4e-05	0.6427041908840624	-9.215
ekle	0.001	0.064	6.4e-05	0.004014823965410748	-4.139
tartış	0.001	0.064	6.4e-05	0.000158052789631737	-0.904
sev	0.001	0.064	6.4e-05	0.021121168810544703	-5.799
in	0.001	0.064	6.4e-05	0.5316778096147724	-9.025
yay	0.001	0.064	6.4e-05	0.0003208213025344883	-1.612
bit	0.001	0.064	6.4e-05	0.003255738238645613	-3.929
seslen	0.001	0.064	6.4e-05	0.9366758912583428	-9.591
canlan	0.001	0.064	6.4e-05	0.9125431530494822	-9.565
kes	0.001	0.064	6.4e-05	0.04838709677419355	-6.628
vur	0.001	0.064	6.4e-05	0.005518394648829431	-4.457
görün	0.001	0.064	6.4e-05	1.6753224995811696e-14	22.064
er	0.001	0.064	6.4e-05	0.12192622950819672	-7.552
karşılaş	0.001	0.064	6.4e-05	0.1632900432900433	-7.844
ele	0.001	0.064	6.4e-05	0.00034897923573547375	-1.696
sal	0.001	0.064	6.4e-05	0.7641996557659209	-9.388
kurtar	0.001	0.064	6.4e-05	0.0001918649270913277	-1.098
davran	0.001	0.064	6.4e-05	0.0001936858415649816	-1.107
karşıla	0.001	0.064	6.4e-05	0.000194325689856199	-1.111
tasarla	0.001	0.064	6.4e-05	0.001170046801872075	-2.906
çatış	0.001	0.064	6.4e-05	0.000588119976475201	-2.218
kuşat	0.001	0.064	6.4e-05	1.967729240456513e-14	21.903
kır	0.001	0.064	6.4e-05	0.0037394213737453256	-4.068
kon(I)	0.001	0.064	6.4e-05	0.004334975369458128	-4.216
keşfet	0.001	0.064	6.4e-05	0.0007936507936507937	-2.518
sergile	0.001	0.064	6.4e-05	1.9876764062810574e-14	21.893
otur	0.001	0.064	6.4e-05	0.11261710185369743	-7.473
rastla	0.001	0.064	6.4e-05	0.0004060913705583756	-1.848
planla	0.001	0.064	6.4e-05	2.0673971469919374e-14	21.853
yık	0.001	0.064	6.4e-05	0.04224477117415614	-6.492
tanış	0.001	0.064	6.4e-05	0.07098251457119067	-7.011
ayaklan	0.001	0.064	6.4e-05	0.012080816496563215	-5.24
besle	0.001	0.064	6.4e-05	2.0977554017201596e-14	21.839
böl	0.001	0.064	6.4e-05	0.0006376195536663124	-2.299
uç	0.001	0.064	6.4e-05	2.189621195533173e-14	21.796
kapsa	0.001	0.064	6.4e-05	2.215330084182543e-14	21.784
karış	0.001	0.064	6.4e-05	0.4780292942743009	-8.919
genişle	0.001	0.064	6.4e-05	0.5326737229636447	-9.027
sırala	0.001	0.064	6.4e-05	2.328830926874709e-14	21.734
reddet	0.001	0.064	6.4e-05	0.00023702299123014932	-1.309
götür	0.001	0.064	6.4e-05	0.00047938638542665386	-2.014
boz	0.001	0.064	6.4e-05	0.011438306157215868	-5.186
savaş	0.001	0.064	6.4e-05	0.0024770869457517958	-3.656
yansı	0.001	0.064	6.4e-05	0.6117734724292101	-9.165
paylaş	0.001	0.064	6.4e-05	0.05565217391304348	-6.768
bahset	0.001	0.064	6.4e-05	0.007771371270995237	-4.799
uyarla	0.001	0.064	6.4e-05	0.0002535496957403651	-1.377
anla	0.001	0.064	6.4e-05	2.5568908207619534e-14	21.641
engelle	0.001	0.064	6.4e-05	0.0005188067444876783	-2.093
benze	0.001	0.064	6.4e-05	0.2516883116883117	-8.277
çarp	0.001	0.064	6.4e-05	0.21805880822274265	-8.134
ilgilen	0.001	0.064	6.4e-05	0.09282920469361147	-7.28
aktar	0.001	0.064	6.4e-05	0.0002687449610319806	-1.435
patla	0.001	0.064	6.4e-05	0.11240520043336945	-7.471
çevir	0.001	0.064	6.4e-05	0.007051803634391104	-4.702
barın	0.001	0.064	6.4e-05	0.8911245865490628	-9.541
edin	0.001	0.064	6.4e-05	0.005541701302299806	-4.461
tutukla	0.001	0.064	6.4e-05	0.02974186307519641	-6.141
çiz	0.001	0.064	6.4e-05	0.007612066535100085	-4.779
yönel	0.001	0.064	6.4e-05	0.22474167623421354	-8.164
ye	0.001	0.064	6.4e-05	0.03393730227207363	-6.273
çöz	0.001	0.064	6.4e-05	0.0031691155286660906	-3.902
dol	0.001	0.064	6.4e-05	0.6409277745155608	-9.212
ak	0.001	0.064	6.4e-05	2.9489826010026544e-14	21.498
öner	0.001	0.064	6.4e-05	3.0358227079538554e-14	21.469
çevril	0.001	0.064	6.4e-05	3.063725490196079e-14	21.46
dağıl	0.001	0.064	6.4e-05	3.1133250311332505e-14	21.444
sakla	0.001	0.064	6.4e-05	0.0006333122229259025	-2.292
duyur	0.001	0.064	6.4e-05	0.0003183699458771092	-1.604
yaklaş	0.001	0.064	6.4e-05	0.0645367412140575	-6.916
dağıt	0.001	0.064	6.4e-05	0.0025591810620601407	-3.689
kalk	0.001	0.064	6.4e-05	3.222687721559781e-14	21.409
düşür	0.001	0.064	6.4e-05	0.0016249593760155996	-3.234
yağ	0.001	0.064	6.4e-05	0.03816046966731898	-6.391
diren	0.001	0.064	6.4e-05	3.278688524590164e-14	21.392
uy	0.001	0.064	6.4e-05	0.2074415541652947	-8.084
uğraş	0.001	0.064	6.4e-05	0.017815902342461234	-5.629
artır	0.001	0.064	6.4e-05	0.0006662225183211193	-2.343
benimse	0.001	0.064	6.4e-05	0.020611473720371008	-5.775
değ	0.001	0.064	6.4e-05	0.011395027624309393	-5.182
yitir	0.001	0.064	6.4e-05	3.4638032559750605e-14	21.337
hesapla	0.001	0.064	6.4e-05	0.00034916201117318437	-1.697
yak	0.001	0.064	6.4e-05	0.012618296529968454	-5.284
aş	0.001	0.064	6.4e-05	0.0010687566797292483	-2.815
uzaklaş	0.001	0.064	6.4e-05	0.49334771664868754	-8.95
suçla	0.001	0.064	6.4e-05	3.6049026676279745e-14	21.297
dök	0.001	0.064	6.4e-05	0.009779065555957986	-5.029
zorla	0.001	0.064	6.4e-05	0.0003654970760233918	-1.742
kavuş	0.001	0.064	6.4e-05	0.16293577981651375	-7.842
türe	0.001	0.064	6.4e-05	0.4429307805596465	-8.842
kıl	0.001	0.064	6.4e-05	0.017043349388662466	-5.585
kutla	0.001	0.064	6.4e-05	0.0003732736095558044	-1.763
san	0.001	0.064	6.4e-05	3.746721618583739e-14	21.259
yarış	0.001	0.064	6.4e-05	0.010918674698795181	-5.139
bestele	0.001	0.064	6.4e-05	0.0007590132827324478	-2.473
önle	0.001	0.064	6.4e-05	3.8008361839604716e-14	21.244
atla	0.001	0.064	6.4e-05	0.18769113149847094	-7.984
sok	0.001	0.064	6.4e-05	0.0019171779141104294	-3.4
yarala	0.001	0.064	6.4e-05	3.872966692486445e-14	21.226
yorumla	0.001	0.064	6.4e-05	0.0015841584158415843	-3.209
eleştir	0.001	0.064	6.4e-05	0.0003977724741447892	-1.827
kaynaklan	0.001	0.064	6.4e-05	0.0015980823012385138	-3.218
kaçır	0.001	0.064	6.4e-05	0.008460918614020952	-4.884
öde	0.001	0.064	6.4e-05	0.016181229773462782	-5.533
yasakla	0.001	0.064	6.4e-05	0.002050020500205002	-3.467
yan	0.001	0.064	6.4e-05	0.0016440608302507192	-3.246
çarpış	0.001	0.064	6.4e-05	0.02882205513784461	-6.11
yenile	0.0	0.064	0.0	0.0038135593220338985	
vazgeç	0.0	0.064	0.0	0.000423908435777872	
hisset	0.0	0.064	0.0	0.08902333621434745	
tüket	0.0	0.064	0.0	4.3591979075850046e-14	
yat	0.0	0.064	0.0	0.00043725404459991256	
sor	0.0	0.064	0.0	0.0026292725679228747	
giriş	0.0	0.064	0.0	4.4326241134751775e-14	
yargıla	0.0	0.064	0.0	0.0017809439002671415	
ölç	0.0	0.064	0.0	0.00044682752457551384	
unut	0.0	0.064	0.0	0.038185085354896675	
kaybol	0.0	0.064	0.0	4.5310376076121436e-14	
çök	0.0	0.064	0.0	0.016795279164775308	
kapla	0.0	0.064	0.0	0.0031919744642042863	
algıla	0.0	0.064	0.0	0.000462962962962963	
derle	0.0	0.064	0.0	4.633920296570899e-14	
buluş	0.0	0.064	0.0	0.10526315789473684	
kirala	0.0	0.064	0.0	4.705882352941177e-14	
onayla	0.0	0.064	0.0	0.01649387370405278	
koş	0.0	0.064	0.0	0.14069877242681775	
göm	0.0	0.064	0.0	0.011336797354747285	
çağır	0.0	0.064	0.0	0.021759697256385997	
dolaş	0.0	0.064	0.0	0.04243008678881389	
yükle	0.0	0.064	0.0	0.006792819019893256	
yönlendir	0.0	0.064	0.0	4.9358341559723595e-14	
sapta	0.0	0.064	0.0	4.9603174603174604e-14	
öngör	0.0	0.064	0.0	4.982561036372696e-14	
uyan	0.0	0.064	0.0	0.5324214792299898	
sahnele	0.0	0.064	0.0	0.001519756838905775	
del	0.0	0.064	0.0	0.0020294266869609334	
kay	0.0	0.064	0.0	0.29876796714579057	
çağrıl	0.0	0.064	0.0	5.189413596263622e-14	
kısal	0.0	0.064	0.0	0.8962117280747276	
başvur	0.0	0.064	0.0	5.202913631633715e-14	
kanıtla	0.0	0.064	0.0	0.0005246589716684155	
harca	0.0	0.064	0.0	0.0031982942430703624	
amaçla	0.0	0.064	0.0	5.443658138268917e-14	
nitelen	0.0	0.064	0.0	0.8395196506550219	
örgütle	0.0	0.064	0.0	0.0005467468562055768	
dinle	0.0	0.064	0.0	0.07447973713033954	
gözlemle	0.0	0.064	0.0	5.488474204171241e-14	
sar	0.0	0.064	0.0	0.004402861860209136	
parçala	0.0	0.064	0.0	0.0038716814159292035	
eriş	0.0	0.064	0.0	0.012201885745978924	
gözle	0.0	0.064	0.0	5.5897149245388484e-14	
avla	0.0	0.064	0.0	0.0005672149744753262	
hatırla	0.0	0.064	0.0	0.30417381360777584	
sula	0.0	0.064	0.0	0.0028951939779965257	
esinle	0.0	0.064	0.0	5.858230814294083e-14	
gez	0.0	0.064	0.0	0.0831858407079646	
yüz	0.0	0.064	0.0	0.028368794326241134	
beğen	0.0	0.064	0.0	0.010650887573964497	
dik	0.0	0.064	0.0	0.05552238805970149	
düzel	0.0	0.064	0.0	0.8322228952150212	
vurgula	0.0	0.064	0.0	6.112469437652812e-14	
takıl	0.0	0.064	0.0	6.116207951070336e-14	
güçlen	0.0	0.064	0.0	1.0	
dene	0.0	0.064	0.0	0.0006191950464396285	
boşa	0.0	0.064	0.0	0.003105590062111801	
as	0.0	0.064	0.0	0.019023462270133164	
iç	0.0	0.064	0.0	0.001272264631043257	
sıkış	0.0	0.064	0.0	0.6596289187460013	
öğret	0.0	0.064	0.0	6.510416666666667e-14	
fırla	0.0	0.064	0.0	0.8840104849279161	
fethet	0.0	0.064	0.0	6.596306068601583e-14	
ilet	0.0	0.064	0.0	6.729475100942126e-14	
kap	0.0	0.064	0.0	0.3873626373626374	
devret	0.0	0.064	0.0	0.002751031636863824	
kork	0.0	0.064	0.0	6.910850034554251e-14	
doğur	0.0	0.064	0.0	0.010395010395010396	
dinlen	0.0	0.064	0.0	0.06908583391486392	
kalkın	0.0	0.064	0.0	0.040931545518701484	
sığın	0.0	0.064	0.0	0.002849002849002849	
temizle	0.0	0.064	0.0	0.007874015748031496	
depola	0.0	0.064	0.0	7.163323782234958e-14	
görüş	0.0	0.064	0.0	0.008683068017366137	
yet	0.0	0.064	0.0	7.385524372230429e-14	
betimle	0.0	0.064	0.0	0.0007468259895444362	
gözük	0.0	0.064	0.0	0.0007479431563201197	
em	0.0	0.064	0.0	0.03967065868263473	
süsle	0.0	0.064	0.0	0.002250562640660165	
tüken	0.0	0.064	0.0	0.0007513148009015778	
eri	0.0	0.064	0.0	0.2752851711026616	
yolla	0.0	0.064	0.0	0.0015220700152207	
kısıtla	0.0	0.064	0.0	7.621951219512196e-14	
hedefle	0.0	0.064	0.0	7.651109410864576e-14	
oyla	0.0	0.064	0.0	0.00778816199376947	
ada	0.0	0.064	0.0	0.009375	
çoğal	0.0	0.064	0.0	0.29120879120879123	
tekrarla	0.0	0.064	0.0	0.0031496062992125984	
bin	0.0	0.064	0.0	0.22634069400630916	
kop	0.0	0.064	0.0	7.936507936507936e-14	
emret	0.0	0.064	0.0	8.00640512409928e-14	
it	0.0	0.064	0.0	0.021634615384615384	
sorgula	0.0	0.064	0.0	0.00645682001614205	
sil	0.0	0.064	0.0	0.015372168284789644	
uyar	0.0	0.064	0.0	0.002437043054427295	
odakla	0.0	0.064	0.0	8.176614881439084e-14	
tak	0.0	0.064	0.0	0.01725554642563681	
denetle	0.0	0.064	0.0	0.0024650780608052587	
pazarla	0.0	0.064	0.0	8.264462809917356e-14	
doğrula	0.0	0.064	0.0	0.01079734219269103	
soruştur	0.0	0.064	0.0	8.375209380234507e-14	
ayarla	0.0	0.064	0.0	0.0008431703204047217	
döv	0.0	0.064	0.0	0.011864406779661017	
kov	0.0	0.064	0.0	0.010186757215619695	
yara	0.0	0.064	0.0	8.517887563884156e-14	
bat	0.0	0.064	0.0	8.539709649871905e-14	
zayıfla	0.0	0.064	0.0	0.28620689655172415	
dokun	0.0	0.064	0.0	0.040905134899912966	
gecik	0.0	0.064	0.0	0.23426573426573427	
programla	0.0	0.064	0.0	8.795074758135444e-14	
gider	0.0	0.064	0.0	8.802816901408451e-14	
pişir	0.0	0.064	0.0	8.81057268722467e-14	
kuru	0.0	0.064	0.0	0.5485611510791367	
eşleş	0.0	0.064	0.0	0.14581458145814583	
defnet	0.0	0.064	0.0	0.007207207207207207	
faydalan	0.0	0.064	0.0	0.003616636528028933	
gizle	0.0	0.064	0.0	0.0009191176470588235	
püskür	0.0	0.064	0.0	0.7670349907918969	
donat	0.0	0.064	0.0	0.0018796992481203006	
eğ	0.0	0.064	0.0	0.10941960038058991	
tepki	0.0	0.064	0.0	9.633911368015414e-14	
birik	0.0	0.064	0.0	0.3603082851637765	
varsay	0.0	0.064	0.0	9.765625e-14	
kaçın	0.0	0.064	0.0	9.861932938856017e-14	
boşalt	0.0	0.064	0.0	0.0029644268774703555	
sürükle	0.0	0.064	0.0	0.0019860973187686196	
sınırla	0.0	0.064	0.0	9.940357852882704e-14	
çekiş	0.0	0.064	0.0	0.01919191919191919	
eğit	0.0	0.064	0.0	1.0183299389002037e-13	
aydınlat	0.0	0.064	0.0	1.0183299389002037e-13	
andır	0.0	0.064	0.0	1.0214504596527069e-13	
ısıt	0.0	0.064	0.0	1.0319917440660475e-13	
güncelle	0.0	0.064	0.0	1.040582726326743e-13	
gerile	0.0	0.064	0.0	0.06025369978858351	
devral	0.0	0.064	0.0	1.0706638115631692e-13	
seyret	0.0	0.064	0.0	0.007518796992481203	
ört	0.0	0.064	0.0	0.0010834236186348862	
güven	0.0	0.064	0.0	0.006557377049180328	
dile	0.0	0.064	0.0	1.092896174863388e-13	
yağmala	0.0	0.064	0.0	0.010011123470522803	
kopar	0.0	0.064	0.0	0.09688195991091314	
ateşle	0.0	0.064	0.0	1.1312217194570137e-13	
çözümle	0.0	0.064	0.0	1.1467889908256882e-13	
ünle	0.0	0.064	0.0	1.1587485515643105e-13	
bağışla	0.0	0.064	0.0	0.011614401858304297	
hoşlan	0.0	0.064	0.0	1.1614401858304297e-13	
alış	0.0	0.064	0.0	0.18352941176470589	
boya	0.0	0.064	0.0	0.0295159386068477	
boğ	0.0	0.064	0.0	0.11834319526627218	
batır	0.0	0.064	0.0	0.0011933174224343676	
zehirle	0.0	0.064	0.0	0.03937947494033413	
tırman	0.0	0.064	0.0	0.03473053892215569	
uyu	0.0	0.064	0.0	0.09123649459783914	
naklet	0.0	0.064	0.0	0.018028846153846152	
bombala	0.0	0.064	0.0	0.0012077294685990338	
ısın	0.0	0.064	0.0	0.010869565217391304	
ayrış	0.0	0.064	0.0	0.4209245742092457	
uzlaş	0.0	0.064	0.0	0.11585365853658537	
görüntüle	0.0	0.064	0.0	1.234567901234568e-13	
diz	0.0	0.064	0.0	0.007425742574257425	
ez	0.0	0.064	0.0	0.012391573729863693	
kana	0.0	0.064	0.0	0.02743142144638404	
ertele	0.0	0.064	0.0	0.008760951188986232	
kodla	0.0	0.064	0.0	1.251564455569462e-13	
sız	0.0	0.064	0.0	0.3132832080200501	
feshet	0.0	0.064	0.0	0.008793969849246231	
don	0.0	0.064	0.0	0.21566110397946084	
ger	0.0	0.064	0.0	0.02849740932642487	
aydınlan	0.0	0.064	0.0	0.0013020833333333333	
bulaş	0.0	0.064	0.0	0.14360313315926893	
ilişkilendir	0.0	0.064	0.0	1.3071895424836602e-13	
dal	0.0	0.064	0.0	0.11926605504587157	
şaşır	0.0	0.064	0.0	0.48089591567852435	
resmet	0.0	0.064	0.0	0.0013227513227513227	
şifrele	0.0	0.064	0.0	1.3422818791946308e-13	
um	0.0	0.064	0.0	1.3440860215053765e-13	
simgele	0.0	0.064	0.0	1.364256480218281e-13	
katlet	0.0	0.064	0.0	0.015027322404371584	
karşılaştır	0.0	0.064	0.0	1.3679890560875515e-13	
haberleş	0.0	0.064	0.0	0.005494505494505495	
değin	0.0	0.064	0.0	0.0027662517289073307	
kavra	0.0	0.064	0.0	0.005555555555555556	
çevrele	0.0	0.064	0.0	1.3908205841446454e-13	
öv	0.0	0.064	0.0	0.001394700139470014	
ağla	0.0	0.064	0.0	0.05750350631136045	
küçül	0.0	0.064	0.0	0.36185133239831696	
yıka	0.0	0.064	0.0	1.4124293785310736e-13	
çiftleş	0.0	0.064	0.0	0.06392045454545454	
sakatla	0.0	0.064	0.0	1.422475106685633e-13	
onar	0.0	0.064	0.0	0.04741379310344827	
azlet	0.0	0.064	0.0	0.01875901875901876	
tutun	0.0	0.064	0.0	0.011577424023154847	
güt	0.0	0.064	0.0	1.457725947521866e-13	
çözün	0.0	0.064	0.0	0.019230769230769232	
hapset	0.0	0.064	0.0	0.03129657228017884	
aşın	0.0	0.064	0.0	0.3023952095808383	
kesiş	0.0	0.064	0.0	0.004497751124437781	
sus	0.0	0.064	0.0	0.19398496240601504	
sök	0.0	0.064	0.0	0.0783132530120482	
devril	0.0	0.064	0.0	1.5105740181268882e-13	
devir	0.0	0.064	0.0	1.5384615384615384e-13	
kayna	0.0	0.064	0.0	0.44769230769230767	
özetle	0.0	0.064	0.0	0.0015455950540958269	
göç	0.0	0.064	0.0	1.545595054095827e-13	
affet	0.0	0.064	0.0	0.03255813953488372	
arın	0.0	0.064	0.0	0.590625	
indirge	0.0	0.064	0.0	1.5723270440251573e-13	
sars	0.0	0.064	0.0	1.5748031496062994e-13	
yavaşla	0.0	0.064	0.0	0.4486571879936809	
sıçra	0.0	0.064	0.0	0.061708860759493674	
boşal	0.0	0.064	0.0	1.589825119236884e-13	
yar	0.0	0.064	0.0	0.001589825119236884	
sön	0.0	0.064	0.0	0.448	
kaz	0.0	0.064	0.0	0.051364365971107544	
kız	0.0	0.064	0.0	0.36935483870967745	
konuşlan	0.0	0.064	0.0	0.49596122778675283	
parla	0.0	0.064	0.0	0.14378029079159935	
konakla	0.0	0.064	0.0	0.0033277870216306157	
saç	0.0	0.064	0.0	0.05912162162162162	
bürün	0.0	0.064	0.0	0.038917089678511	
toparla	0.0	0.064	0.0	1.7035775127768313e-13	
oy	0.0	0.064	0.0	0.00684931506849315	
çekin	0.0	0.064	0.0	1.7152658662092625e-13	
salgıla	0.0	0.064	0.0	0.00859106529209622	
katlan	0.0	0.064	0.0	1.7211703958691911e-13	
ispatla	0.0	0.064	0.0	0.003484320557491289	
gül	0.0	0.064	0.0	0.1993006993006993	
kastet	0.0	0.064	0.0	1.7513134851138355e-13	
iv	0.0	0.064	0.0	0.01929824561403509	
yapış	0.0	0.064	0.0	0.4182776801405975	
kıyasla	0.0	0.064	0.0	1.8115942028985507e-13	
işit	0.0	0.064	0.0	0.0018214936247723133	
çürü	0.0	0.064	0.0	0.3302752293577982	
bağır	0.0	0.064	0.0	0.01838235294117647	
ör	0.0	0.064	0.0	0.011131725417439703	
noktala	0.0	0.064	0.0	1.8726591760299625e-13	
havalan	0.0	0.064	0.0	0.5706214689265536	
kaynaş	0.0	0.064	0.0	0.21772639691714837	
işaretle	0.0	0.064	0.0	1.9342359767891684e-13	
hükmet	0.0	0.064	0.0	1.9607843137254904e-13	
nitele	0.0	0.064	0.0	1.9646365422396858e-13	
atfet	0.0	0.064	0.0	1.9762845849802372e-13	
geçin	0.0	0.064	0.0	0.08946322067594434	
pekiş	0.0	0.064	0.0	0.8897795591182365	
ek	0.0	0.064	0.0	0.004032258064516129	
üz	0.0	0.064	0.0	0.0020161290322580645	
kopyala	0.0	0.064	0.0	2.0449897750511247e-13	
hastalan	0.0	0.064	0.0	0.01642710472279261	
yut	0.0	0.064	0.0	0.019027484143763214	
ser	0.0	0.064	0.0	2.1276595744680852e-13	
sına	0.0	0.064	0.0	2.1276595744680852e-13	
yatır	0.0	0.064	0.0	0.002127659574468085	
salla	0.0	0.064	0.0	2.145922746781116e-13	
tetikle	0.0	0.064	0.0	2.145922746781116e-13	
eğlen	0.0	0.064	0.0	0.3125	
onurlan	0.0	0.064	0.0	1.0	
aldat	0.0	0.064	0.0	2.1691973969631238e-13	
süz	0.0	0.064	0.0	0.004347826086956522	
biçimlen	0.0	0.064	0.0	0.644880174291939	
zannet	0.0	0.064	0.0	0.008733624454148471	
aşağıla	0.0	0.064	0.0	0.0021929824561403508	
dışla	0.0	0.064	0.0	0.0022172949002217295	
piş	0.0	0.064	0.0	2.2222222222222222e-13	
döşe	0.0	0.064	0.0	0.024498886414253896	
yum	0.0	0.064	0.0	2.2321428571428573e-13	
yığ	0.0	0.064	0.0	0.004464285714285714	
kaydol	0.0	0.064	0.0	2.2471910112359553e-13	
bük	0.0	0.064	0.0	2.2624434389140274e-13	
yinele	0.0	0.064	0.0	2.2675736961451247e-13	
gözet	0.0	0.064	0.0	2.2675736961451247e-13	
kına	0.0	0.064	0.0	2.2935779816513764e-13	
belgele	0.0	0.064	0.0	0.002304147465437788	
ışı	0.0	0.064	0.0	0.009216589861751152	
yanaş	0.0	0.064	0.0	0.04157043879907621	
yumuşa	0.0	0.064	0.0	0.4930232558139535	
yetin	0.0	0.064	0.0	2.34192037470726e-13	
sin	0.0	0.064	0.0	0.8758782201405152	
tap	0.0	0.064	0.0	0.00234192037470726	
daral	0.0	0.064	0.0	2.364066193853428e-13	
beze	0.0	0.064	0.0	0.002369668246445498	
dolan	0.0	0.064	0.0	0.20902612826603326	
ısır	0.0	0.064	0.0	0.02142857142857143	
dövüş	0.0	0.064	0.0	0.050359712230215826	
soğu	0.0	0.064	0.0	2.4330900243309005e-13	
anımsa	0.0	0.064	0.0	0.751219512195122	
sürtün	0.0	0.064	0.0	2.4390243902439026e-13	
çiğne	0.0	0.064	0.0	0.017766497461928935	
soy	0.0	0.064	0.0	0.007614213197969543	
bur	0.0	0.064	0.0	0.002564102564102564	
kan	0.0	0.064	0.0	0.8788659793814433	
uçur	0.0	0.064	0.0	0.26288659793814434	
kas	0.0	0.064	0.0	2.604166666666667e-13	
düğ	0.0	0.064	0.0	2.624671916010499e-13	
soyutla	0.0	0.064	0.0	2.638522427440633e-13	
tapın	0.0	0.064	0.0	2.6455026455026456e-13	
sol	0.0	0.064	0.0	0.01871657754010695	
dengele	0.0	0.064	0.0	2.717391304347826e-13	
sıkıl	0.0	0.064	0.0	2.7247956403269753e-13	
yazış	0.0	0.064	0.0	2.73972602739726e-13	
yumurtla	0.0	0.064	0.0	0.0027624309392265192	
harmanla	0.0	0.064	0.0	2.7700831024930747e-13	
yor	0.0	0.064	0.0	2.793296089385475e-13	
ağırla	0.0	0.064	0.0	2.849002849002849e-13	
öp	0.0	0.064	0.0	0.011428571428571429	
dölle	0.0	0.064	0.0	2.865329512893983e-13	
kabullen	0.0	0.064	0.0	0.020172910662824207	
kovala	0.0	0.064	0.0	0.005780346820809248	
kurgula	0.0	0.064	0.0	0.002898550724637681	
giyin	0.0	0.064	0.0	0.011627906976744186	
gözetle	0.0	0.064	0.0	2.9069767441860465e-13	
dalgalan	0.0	0.064	0.0	0.04664723032069971	
soğut	0.0	0.064	0.0	2.932551319648094e-13	
uyuş	0.0	0.064	0.0	0.09171597633136094	
tıka	0.0	0.064	0.0	0.0029585798816568047	
kıy	0.0	0.064	0.0	0.03254437869822485	
kızar	0.0	0.064	0.0	0.5519287833827893	
es	0.0	0.064	0.0	0.142433234421365	
modelle	0.0	0.064	0.0	2.9761904761904765e-13	
önemse	0.0	0.064	0.0	0.0029940119760479044	
taş	0.0	0.064	0.0	3.003003003003003e-13	
soğur	0.0	0.064	0.0	3.058103975535168e-13	
sap	0.0	0.064	0.0	0.2966360856269113	
kalkış	0.0	0.064	0.0	0.003076923076923077	
rahatla	0.0	0.064	0.0	0.5123456790123457	
bağdaş	0.0	0.064	0.0	0.6614906832298136	
tara	0.0	0.064	0.0	0.025	
yuvarla	0.0	0.064	0.0	0.07523510971786834	
sapla	0.0	0.064	0.0	0.006349206349206349	
yakış	0.0	0.064	0.0	0.6019108280254777	
çak	0.0	0.064	0.0	0.041401273885350316	
gevşe	0.0	0.064	0.0	0.3762057877813505	
örtüş	0.0	0.064	0.0	0.032467532467532464	
kus	0.0	0.064	0.0	0.048859934853420196	
kışkırt	0.0	0.064	0.0	3.257328990228013e-13	
korkut	0.0	0.064	0.0	0.0032679738562091504	
irdele	0.0	0.064	0.0	3.2894736842105265e-13	
hizala	0.0	0.064	0.0	3.2894736842105265e-13	
nişanla	0.0	0.064	0.0	3.2894736842105265e-13	
tutuş	0.0	0.064	0.0	0.22112211221122113	
hafifle	0.0	0.064	0.0	0.8415841584158416	
biç	0.0	0.064	0.0	0.0033003300330033004	
kutsa	0.0	0.064	0.0	0.006644518272425249	
şüphelen	0.0	0.064	0.0	0.01	
şiş	0.0	0.064	0.0	3.3444816053511707e-13	
yardımlaş	0.0	0.064	0.0	3.3557046979865774e-13	
sark	0.0	0.064	0.0	3.412969283276451e-13	
kilitle	0.0	0.064	0.0	0.00684931506849315	
alla	0.0	0.064	0.0	3.4482758620689656e-13	
alçal	0.0	0.064	0.0	0.11418685121107267	
bula	0.0	0.064	0.0	0.05190311418685121	
sık	0.0	0.064	0.0	0.013888888888888888	
arıt	0.0	0.064	0.0	3.4843205574912895e-13	
ısla	0.0	0.064	0.0	0.4148936170212766	
aksa	0.0	0.064	0.0	0.3879003558718861	
yalvar	0.0	0.064	0.0	3.610108303249098e-13	
kıskan	0.0	0.064	0.0	0.07942238267148015	
karar	0.0	0.064	0.0	0.27472527472527475	
yücel	0.0	0.064	0.0	0.914179104477612	
güreş	0.0	0.064	0.0	0.007462686567164179	
sığ	0.0	0.064	0.0	0.3595505617977528	
örnekle	0.0	0.064	0.0	3.7593984962406017e-13	
çakış	0.0	0.064	0.0	0.030303030303030304	
acı	0.0	0.064	0.0	0.10266159695817491	
silk	0.0	0.064	0.0	3.816793893129771e-13	
yanıl	0.0	0.064	0.0	0.36923076923076925	
sevin	0.0	0.064	0.0	0.2	
tıkla	0.0	0.064	0.0	0.015444015444015444	
yatış	0.0	0.064	0.0	0.7876447876447876	
küçümse	0.0	0.064	0.0	3.891050583657588e-13	
öğüt	0.0	0.064	0.0	3.90625e-13	
katet	0.0	0.064	0.0	0.00390625	
sınıfla	0.0	0.064	0.0	3.9370078740157483e-13	
bayıl	0.0	0.064	0.0	3.9370078740157483e-13	
salıver	0.0	0.064	0.0	4.0160642570281125e-13	
çağrış	0.0	0.064	0.0	0.9759036144578314	
çabala	0.0	0.064	0.0	4.0160642570281125e-13	
yakın	0.0	0.064	0.0	4.0160642570281125e-13	
yalanla	0.0	0.064	0.0	0.004032258064516129	
kıvrıl	0.0	0.064	0.0	4.032258064516129e-13	
yırt	0.0	0.064	0.0	4.032258064516129e-13	
doy	0.0	0.064	0.0	0.00816326530612245	
çeliş	0.0	0.064	0.0	0.004081632653061225	
taşla	0.0	0.064	0.0	0.00816326530612245	
zikret	0.0	0.064	0.0	4.11522633744856e-13	
özle	0.0	0.064	0.0	0.004132231404958678	
teşkilatlan	0.0	0.064	0.0	0.25833333333333336	
durakla	0.0	0.064	0.0	0.03333333333333333	
titre	0.0	0.064	0.0	0.11666666666666667	
yıpran	0.0	0.064	0.0	0.00423728813559322	
tertiple	0.0	0.064	0.0	4.2553191489361704e-13	
aşıla	0.0	0.064	0.0	0.004273504273504274	
hallet	0.0	0.064	0.0	4.291845493562232e-13	
akla	0.0	0.064	0.0	4.329004329004329e-13	
kıs	0.0	0.064	0.0	0.30735930735930733	
zamanla	0.0	0.064	0.0	4.347826086956522e-13	
tep	0.0	0.064	0.0	0.004366812227074236	
özen	0.0	0.064	0.0	0.7205240174672489	
barış	0.0	0.064	0.0	0.15859030837004406	
sı	0.0	0.064	0.0	4.424778761061947e-13	
kazın	0.0	0.064	0.0	4.4444444444444444e-13	
paketle	0.0	0.064	0.0	4.4642857142857145e-13	
danış	0.0	0.064	0.0	4.608294930875577e-13	
soyun	0.0	0.064	0.0	0.009259259259259259	
zedele	0.0	0.064	0.0	0.009259259259259259	
abart	0.0	0.064	0.0	4.62962962962963e-13	
din	0.0	0.064	0.0	0.4511627906976744	
sıyrıl	0.0	0.064	0.0	4.672897196261682e-13	
kuvvetlen	0.0	0.064	0.0	1.0	
boğuş	0.0	0.064	0.0	0.0047169811320754715	
tiple	0.0	0.064	0.0	4.739336492890995e-13	
oksitle	0.0	0.064	0.0	4.761904761904762e-13	
serp	0.0	0.064	0.0	0.004761904761904762	
diril	0.0	0.064	0.0	4.854368932038835e-13	
akıt	0.0	0.064	0.0	0.0048543689320388345	
dür	0.0	0.064	0.0	4.878048780487805e-13	
sakın	0.0	0.064	0.0	0.0392156862745098	
yalıt	0.0	0.064	0.0	4.901960784313726e-13	
haşla	0.0	0.064	0.0	4.926108374384237e-13	
kazı	0.0	0.064	0.0	0.10891089108910891	
yeğle	0.0	0.064	0.0	4.95049504950495e-13	
üfle	0.0	0.064	0.0	4.975124378109453e-13	
ayıkla	0.0	0.064	0.0	4.975124378109453e-13	
sek	0.0	0.064	0.0	0.12437810945273632	
lağvet	0.0	0.064	0.0	5e-13	
terle	0.0	0.064	0.0	0.2613065326633166	
kabar	0.0	0.064	0.0	0.3316582914572864	
zıpla	0.0	0.064	0.0	0.020202020202020204	
şiddetlen	0.0	0.064	0.0	0.19796954314720813	
çıldır	0.0	0.064	0.0	0.09183673469387756	
tat	0.0	0.064	0.0	0.15979381443298968	
öfkelen	0.0	0.064	0.0	0.18324607329842932	
bıçakla	0.0	0.064	0.0	5.263157894736843e-13	
endişelen	0.0	0.064	0.0	0.2328042328042328	
lanetle	0.0	0.064	0.0	5.291005291005291e-13	
eski	0.0	0.064	0.0	0.08994708994708994	
yu	0.0	0.064	0.0	5.291005291005291e-13	
bölüş	0.0	0.064	0.0	0.46808510638297873	
damıt	0.0	0.064	0.0	5.319148936170213e-13	
yıl	0.0	0.064	0.0	0.5080213903743316	
buyur	0.0	0.064	0.0	5.347593582887701e-13	
evril	0.0	0.064	0.0	0.0053475935828877	
öpüş	0.0	0.064	0.0	0.005376344086021506	
hesaplaş	0.0	0.064	0.0	5.376344086021506e-13	
süpür	0.0	0.064	0.0	5.405405405405406e-13	
garantile	0.0	0.064	0.0	5.464480874316941e-13	
ergi	0.0	0.064	0.0	0.3551912568306011	
kirlet	0.0	0.064	0.0	5.464480874316941e-13	
cesaretlen	0.0	0.064	0.0	0.8956043956043956	
başkaldır	0.0	0.064	0.0	5.524861878453039e-13	
emzir	0.0	0.064	0.0	5.524861878453039e-13	
silahsızlan	0.0	0.064	0.0	0.3756906077348066	
dirilt	0.0	0.064	0.0	0.0055248618784530384	
takın	0.0	0.064	0.0	5.58659217877095e-13	
gülümse	0.0	0.064	0.0	0.056179775280898875	
yıprat	0.0	0.064	0.0	5.649717514124294e-13	
çırp	0.0	0.064	0.0	5.649717514124294e-13	
kamulaştır	0.0	0.064	0.0	5.681818181818182e-13	
yanıtla	0.0	0.064	0.0	5.681818181818182e-13	
gezin	0.0	0.064	0.0	0.005681818181818182	
utan	0.0	0.064	0.0	0.17142857142857143	
büyüle	0.0	0.064	0.0	5.780346820809249e-13	
cevapla	0.0	0.064	0.0	5.813953488372093e-13	
ever	0.0	0.064	0.0	0.10714285714285714	
puanla	0.0	0.064	0.0	5.952380952380953e-13	
eyle	0.0	0.064	0.0	0.005952380952380952	
ezberle	0.0	0.064	0.0	0.04242424242424243	
otla	0.0	0.064	0.0	0.6280487804878049	
incel	0.0	0.064	0.0	0.3619631901840491	
eşitle	0.0	0.064	0.0	6.134969325153374e-13	
sömür	0.0	0.064	0.0	6.17283950617284e-13	
arzula	0.0	0.064	0.0	6.211180124223603e-13	
bilinçlen	0.0	0.064	0.0	0.69375	
cay	0.0	0.064	0.0	0.49056603773584906	
oyala	0.0	0.064	0.0	6.329113924050633e-13	
katla	0.0	0.064	0.0	6.329113924050633e-13	
doğra	0.0	0.064	0.0	6.369426751592357e-13	
sez	0.0	0.064	0.0	0.1464968152866242	
sıva	0.0	0.064	0.0	6.41025641025641e-13	
esirge	0.0	0.064	0.0	6.41025641025641e-13	
alevlen	0.0	0.064	0.0	0.24516129032258063	
kenetle	0.0	0.064	0.0	6.578947368421053e-13	
demirle	0.0	0.064	0.0	0.006578947368421052	
kuşkulan	0.0	0.064	0.0	0.09868421052631579	
seviş	0.0	0.064	0.0	0.006622516556291391	
çatla	0.0	0.064	0.0	0.1476510067114094	
kavur	0.0	0.064	0.0	6.711409395973155e-13	
sansürle	0.0	0.064	0.0	0.006711409395973154	
sav	0.0	0.064	0.0	6.756756756756757e-13	
klonla	0.0	0.064	0.0	6.802721088435375e-13	
yadsı	0.0	0.064	0.0	6.802721088435375e-13	
çimlen	0.0	0.064	0.0	0.23809523809523808	
az	0.0	0.064	0.0	0.07534246575342465	
selamla	0.0	0.064	0.0	0.006944444444444444	
delir	0.0	0.064	0.0	0.19444444444444445	
bık	0.0	0.064	0.0	0.04195804195804196	
kolla	0.0	0.064	0.0	6.993006993006993e-13	
sürü	0.0	0.064	0.0	0.028169014084507043	
mayala	0.0	0.064	0.0	7.042253521126761e-13	
sürtüş	0.0	0.064	0.0	7.142857142857143e-13	
çöker	0.0	0.064	0.0	0.9857142857142858	
tamla	0.0	0.064	0.0	7.246376811594203e-13	
alıkoy	0.0	0.064	0.0	7.246376811594203e-13	
kok	0.0	0.064	0.0	7.246376811594203e-13	
fışkır	0.0	0.064	0.0	0.2318840579710145	
ağaçlan	0.0	0.064	0.0	0.9781021897810219	
genleş	0.0	0.064	0.0	0.051094890510948905	
etiketle	0.0	0.064	0.0	7.299270072992701e-13	
daralt	0.0	0.064	0.0	7.299270072992701e-13	
mektuplaş	0.0	0.064	0.0	7.462686567164179e-13	
doyur	0.0	0.064	0.0	7.518796992481203e-13	
ona	0.0	0.064	0.0	7.575757575757576e-13	
yasla	0.0	0.064	0.0	7.575757575757576e-13	
becer	0.0	0.064	0.0	7.633587786259542e-13	
yen(I)	0.0	0.064	0.0	7.692307692307692e-13	
kovuştur	0.0	0.064	0.0	7.692307692307692e-13	
kavrul	0.0	0.064	0.0	7.692307692307692e-13	
cezbet	0.0	0.064	0.0	7.874015748031497e-13	
haykır	0.0	0.064	0.0	7.874015748031497e-13	
resimle	0.0	0.064	0.0	0.007936507936507936	
listele	0.0	0.064	0.0	7.936507936507937e-13	
pompala	0.0	0.064	0.0	7.936507936507937e-13	
kırp	0.0	0.064	0.0	8e-13	
yağla	0.0	0.064	0.0	0.008	
rahatsızlan	0.0	0.064	0.0	8.064516129032258e-13	
yont	0.0	0.064	0.0	8.064516129032258e-13	
alkışla	0.0	0.064	0.0	8.19672131147541e-13	
benzeş	0.0	0.064	0.0	0.11475409836065574	
üslen	0.0	0.064	0.0	0.01639344262295082	
yükseltgen	0.0	0.064	0.0	0.01652892561983471	
dizile	0.0	0.064	0.0	8.333333333333334e-13	
gereksin	0.0	0.064	0.0	8.333333333333334e-13	
tart	0.0	0.064	0.0	0.00847457627118644	
çarpıt	0.0	0.064	0.0	0.008547008547008548	
körükle	0.0	0.064	0.0	8.620689655172414e-13	
ısmarla	0.0	0.064	0.0	8.620689655172414e-13	
tuzakla	0.0	0.064	0.0	8.695652173913044e-13	
toprakla	0.0	0.064	0.0	8.695652173913044e-13	
bahşet	0.0	0.064	0.0	8.771929824561404e-13	
yer	0.0	0.064	0.0	8.771929824561404e-13	
karala	0.0	0.064	0.0	8.849557522123894e-13	
sivril	0.0	0.064	0.0	8.928571428571429e-13	
esne	0.0	0.064	0.0	0.25	
savrul	0.0	0.064	0.0	8.928571428571429e-13	
buy	0.0	0.064	0.0	9.009009009009009e-13	
etki	0.0	0.064	0.0	9.009009009009009e-13	
övün	0.0	0.064	0.0	9.090909090909091e-13	
titreş	0.0	0.064	0.0	0.2018348623853211	
der	0.0	0.064	0.0	9.174311926605506e-13	
yasa	0.0	0.064	0.0	0.027777777777777776	
neşret	0.0	0.064	0.0	0.009433962264150943	
kuşan	0.0	0.064	0.0	9.433962264150944e-13	
atış	0.0	0.064	0.0	0.1320754716981132	
apar	0.0	0.064	0.0	0.41509433962264153	
dala	0.0	0.064	0.0	9.523809523809523e-13	
azmet	0.0	0.064	0.0	0.6634615384615384	
addet	0.0	0.064	0.0	9.70873786407767e-13	
şaş	0.0	0.064	0.0	9.803921568627452e-13	
mahvet	0.0	0.064	0.0	9.803921568627452e-13	
değerle	0.0	0.064	0.0	1e-12	
kundakla	0.0	0.064	0.0	1.0101010101010101e-12	
büz	0.0	0.064	0.0	1.0101010101010101e-12	
kucakla	0.0	0.064	0.0	1.0101010101010101e-12	
zonkla	0.0	0.064	0.0	1.0101010101010101e-12	
yedekle	0.0	0.064	0.0	1.020408163265306e-12	
doğrult	0.0	0.064	0.0	1.020408163265306e-12	
incit	0.0	0.064	0.0	1.020408163265306e-12	
damla	0.0	0.064	0.0	0.5204081632653061	
vazgeçir	0.0	0.064	0.0	0.02040816326530612	
sürt	0.0	0.064	0.0	0.030927835051546393	
mevzilen	0.0	0.064	0.0	0.07216494845360824	
mühürle	0.0	0.064	0.0	0.010416666666666666	
savur	0.0	0.064	0.0	1.0416666666666667e-12	
bunal	0.0	0.064	0.0	1.0416666666666667e-12	
buda	0.0	0.064	0.0	1.0638297872340427e-12	
dayat	0.0	0.064	0.0	1.0638297872340427e-12	
arşivle	0.0	0.064	0.0	1.0638297872340427e-12	
ışınla	0.0	0.064	0.0	1.0638297872340427e-12	
hırpala	0.0	0.064	0.0	1.0752688172043012e-12	
çeşitle	0.0	0.064	0.0	1.0752688172043012e-12	
öt	0.0	0.064	0.0	0.043010752688172046	
genelle	0.0	0.064	0.0	1.0752688172043012e-12	
özümse	0.0	0.064	0.0	0.03260869565217391	
bayılt	0.0	0.064	0.0	1.0869565217391305e-12	
frenle	0.0	0.064	0.0	1.098901098901099e-12	
filizle	0.0	0.064	0.0	1.098901098901099e-12	
mumyala	0.0	0.064	0.0	1.098901098901099e-12	
burk	0.0	0.064	0.0	1.098901098901099e-12	
coş	0.0	0.064	0.0	0.3516483516483517	
solu	0.0	0.064	0.0	0.044444444444444446	
kokla	0.0	0.064	0.0	0.05555555555555555	
tümle	0.0	0.064	0.0	1.1111111111111112e-12	
damgala	0.0	0.064	0.0	0.011235955056179775	
yakınsa	0.0	0.064	0.0	1.1235955056179775e-12	
çökel	0.0	0.064	0.0	0.2247191011235955	
uğurla	0.0	0.064	0.0	1.1235955056179775e-12	
kışla	0.0	0.064	0.0	0.011235955056179775	
hapsol	0.0	0.064	0.0	1.1363636363636365e-12	
çalkala	0.0	0.064	0.0	1.1494252873563218e-12	
yeşer	0.0	0.064	0.0	0.11494252873563218	
daya	0.0	0.064	0.0	1.1494252873563218e-12	
tükür	0.0	0.064	0.0	1.1627906976744186e-12	
eksil	0.0	0.064	0.0	1.1764705882352942e-12	
kutuplaş	0.0	0.064	0.0	0.08235294117647059	
kamaş	0.0	0.064	0.0	0.8809523809523809	
devşir	0.0	0.064	0.0	1.1904761904761906e-12	
hicvet	0.0	0.064	0.0	1.1904761904761906e-12	
indükle	0.0	0.064	0.0	1.1904761904761906e-12	
istifle	0.0	0.064	0.0	1.2048192771084338e-12	
bert	0.0	0.064	0.0	1.2048192771084338e-12	
yoğrul	0.0	0.064	0.0	1.2048192771084338e-12	
kapış	0.0	0.064	0.0	0.03614457831325301	
donan	0.0	0.064	0.0	1.2195121951219513e-12	
sikle	0.0	0.064	0.0	0.9876543209876543	
fırınla	0.0	0.064	0.0	1.234567901234568e-12	
perçinle	0.0	0.064	0.0	1.234567901234568e-12	
eşle	0.0	0.064	0.0	0.012345679012345678	
gölgele	0.0	0.064	0.0	1.2500000000000001e-12	
kümelen	0.0	0.064	0.0	0.02531645569620253	
doku	0.0	0.064	0.0	0.02531645569620253	
iliş	0.0	0.064	0.0	0.7341772151898734	
ağar	0.0	0.064	0.0	0.26582278481012656	
bile	0.0	0.064	0.0	0.012658227848101266	
kızış	0.0	0.064	0.0	0.19230769230769232	
umursa	0.0	0.064	0.0	1.282051282051282e-12	
azarla	0.0	0.064	0.0	1.282051282051282e-12	
turla	0.0	0.064	0.0	1.2987012987012988e-12	
örtün	0.0	0.064	0.0	1.2987012987012988e-12	
şakı	0.0	0.064	0.0	1.2987012987012988e-12	
müjdele	0.0	0.064	0.0	1.2987012987012988e-12	
susa	0.0	0.064	0.0	1.3157894736842106e-12	
kayır	0.0	0.064	0.0	1.3157894736842106e-12	
çel	0.0	0.064	0.0	1.3157894736842106e-12	
kötüle	0.0	0.064	0.0	1.3157894736842106e-12	
ov	0.0	0.064	0.0	1.3333333333333334e-12	
ışılda	0.0	0.064	0.0	0.02666666666666667	
yoğur	0.0	0.064	0.0	0.013333333333333334	
raporla	0.0	0.064	0.0	1.3513513513513515e-12	
şişir	0.0	0.064	0.0	1.3513513513513515e-12	
körel	0.0	0.064	0.0	0.1780821917808219	
küs	0.0	0.064	0.0	0.136986301369863	
yadırga	0.0	0.064	0.0	0.041666666666666664	
gübrele	0.0	0.064	0.0	1.4084507042253522e-12	
yala	0.0	0.064	0.0	1.4084507042253522e-12	
taçlan	0.0	0.064	0.0	0.9154929577464789	
fısılda	0.0	0.064	0.0	1.4084507042253522e-12	
taşır	0.0	0.064	0.0	1.4285714285714287e-12	
alıntıla	0.0	0.064	0.0	1.4492753623188406e-12	
tanıtla	0.0	0.064	0.0	0.014492753623188406	
yuvala	0.0	0.064	0.0	1.4492753623188406e-12	
göğüsle	0.0	0.064	0.0	1.4705882352941176e-12	
ilaçla	0.0	0.064	0.0	1.4705882352941176e-12	
tatlan	0.0	0.064	0.0	0.9705882352941176	
vakfet	0.0	0.064	0.0	1.4705882352941176e-12	
aşer	0.0	0.064	0.0	1.4925373134328359e-12	
sarar	0.0	0.064	0.0	0.04477611940298507	
üşü	0.0	0.064	0.0	0.1044776119402985	
öğütle	0.0	0.064	0.0	1.5151515151515153e-12	
neticelen	0.0	0.064	0.0	0.13846153846153847	
savuş	0.0	0.064	0.0	0.9692307692307692	
makyajla	0.0	0.064	0.0	1.5384615384615385e-12	
tuzla	0.0	0.064	0.0	1.5384615384615385e-12	
tavla	0.0	0.064	0.0	1.5384615384615385e-12	
kemir	0.0	0.064	0.0	1.5625e-12	
içir	0.0	0.064	0.0	0.015625	
güneşle	0.0	0.064	0.0	1.5625e-12	
sulan	0.0	0.064	0.0	0.96875	
tanıla	0.0	0.064	0.0	1.5625e-12	
torpille	0.0	0.064	0.0	1.5625e-12	
yol	0.0	0.064	0.0	1.5873015873015873e-12	
dilimle	0.0	0.064	0.0	1.5873015873015873e-12	
serpiştir	0.0	0.064	0.0	1.5873015873015873e-12	
eğir	0.0	0.064	0.0	1.5873015873015873e-12	
kıpırda	0.0	0.064	0.0	0.14285714285714285	
usan	0.0	0.064	0.0	0.06349206349206349	
stokla	0.0	0.064	0.0	1.6129032258064516e-12	
serinle	0.0	0.064	0.0	0.41935483870967744	
sönümle	0.0	0.064	0.0	1.639344262295082e-12	
vedalaş	0.0	0.064	0.0	1.639344262295082e-12	
tazele	0.0	0.064	0.0	1.639344262295082e-12	
koç	0.0	0.064	0.0	1.6666666666666668e-12	
fotoğrafla	0.0	0.064	0.0	1.6666666666666668e-12	
gücen	0.0	0.064	0.0	0.43333333333333335	
paslan	0.0	0.064	0.0	0.0847457627118644	
kaygılan	0.0	0.064	0.0	0.2711864406779661	
inle	0.0	0.064	0.0	0.13559322033898305	
zincirle	0.0	0.064	0.0	0.01694915254237288	
dona	0.0	0.064	0.0	1.6949152542372881e-12	
yavrula	0.0	0.064	0.0	0.01694915254237288	
sağ	0.0	0.064	0.0	1.6949152542372881e-12	
mahmuzla	0.0	0.064	0.0	1.6949152542372881e-12	
elver	0.0	0.064	0.0	1.7241379310344829e-12	
ayıl	0.0	0.064	0.0	0.1206896551724138	
azımsa	0.0	0.064	0.0	1.7241379310344829e-12	
hareketlen	0.0	0.064	0.0	1.0	
duraksa	0.0	0.064	0.0	0.03508771929824561	
ikile	0.0	0.064	0.0	1.7543859649122809e-12	
aşır	0.0	0.064	0.0	0.49122807017543857	
ayart	0.0	0.064	0.0	1.7857142857142858e-12	
bocala	0.0	0.064	0.0	0.01818181818181818	
yakar	0.0	0.064	0.0	1.8181818181818183e-12	
maskele	0.0	0.064	0.0	1.8181818181818183e-12	
seyrel	0.0	0.064	0.0	0.6363636363636364	
zulmet	0.0	0.064	0.0	1.851851851851852e-12	
çınla	0.0	0.064	0.0	0.037037037037037035	
eklemle	0.0	0.064	0.0	1.851851851851852e-12	
kireçle	0.0	0.064	0.0	1.851851851851852e-12	
vadet	0.0	0.064	0.0	1.851851851851852e-12	
şenlen	0.0	0.064	0.0	0.8333333333333334	
arızalan	0.0	0.064	0.0	1.886792452830189e-12	
çat	0.0	0.064	0.0	1.886792452830189e-12	
havla	0.0	0.064	0.0	1.886792452830189e-12	
sırtla	0.0	0.064	0.0	1.886792452830189e-12	
düşle	0.0	0.064	0.0	1.886792452830189e-12	
pozla	0.0	0.064	0.0	1.923076923076923e-12	
bütünle	0.0	0.064	0.0	1.923076923076923e-12	
ufala	0.0	0.064	0.0	1.9607843137254904e-12	
sataş	0.0	0.064	0.0	1.9607843137254904e-12	
presle	0.0	0.064	0.0	1.9607843137254904e-12	
içerle	0.0	0.064	0.0	1.9607843137254904e-12	
katalogla	0.0	0.064	0.0	1.9607843137254904e-12	
kükre	0.0	0.064	0.0	2e-12	
yapraklan	0.0	0.064	0.0	0.02	
yun	0.0	0.064	0.0	2e-12	
cilala	0.0	0.064	0.0	2e-12	
ürk	0.0	0.064	0.0	2e-12	
aldan	0.0	0.064	0.0	2e-12	
sıyır	0.0	0.064	0.0	0.04	
mahvol	0.0	0.064	0.0	2e-12	
dire	0.0	0.064	0.0	2.040816326530612e-12	
kırbaçla	0.0	0.064	0.0	0.24489795918367346	
şişele	0.0	0.064	0.0	2.040816326530612e-12	
yort	0.0	0.064	0.0	2.040816326530612e-12	
yankıla	0.0	0.064	0.0	2.0833333333333334e-12	
okşa	0.0	0.064	0.0	2.0833333333333334e-12	
ölçekle	0.0	0.064	0.0	2.0833333333333334e-12	
şükret	0.0	0.064	0.0	2.0833333333333334e-12	
yelten	0.0	0.064	0.0	2.0833333333333334e-12	
parılda	0.0	0.064	0.0	0.020833333333333332	
kıvran	0.0	0.064	0.0	0.020833333333333332	
melezle	0.0	0.064	0.0	2.0833333333333334e-12	
isle	0.0	0.064	0.0	0.3541666666666667	
bölümle	0.0	0.064	0.0	2.0833333333333334e-12	
heyecanlan	0.0	0.064	0.0	1.0	
kurşunla	0.0	0.064	0.0	2.1276595744680853e-12	
uçuş	0.0	0.064	0.0	0.02127659574468085	
ölçüş	0.0	0.064	0.0	2.173913043478261e-12	
sinirlen	0.0	0.064	0.0	1.0	
düğümle	0.0	0.064	0.0	2.173913043478261e-12	
rendele	0.0	0.064	0.0	2.173913043478261e-12	
asfaltla	0.0	0.064	0.0	0.021739130434782608	
bordala	0.0	0.064	0.0	2.2222222222222224e-12	
akset	0.0	0.064	0.0	0.7111111111111111	
arala	0.0	0.064	0.0	2.2222222222222224e-12	
işe	0.0	0.064	0.0	0.022727272727272728	
ekşi	0.0	0.064	0.0	0.3409090909090909	
tabakla	0.0	0.064	0.0	2.272727272727273e-12	
demle	0.0	0.064	0.0	2.272727272727273e-12	
güdümle	0.0	0.064	0.0	2.272727272727273e-12	
köpür	0.0	0.064	0.0	0.20454545454545456	
kucaklaş	0.0	0.064	0.0	0.022727272727272728	
çaprazla	0.0	0.064	0.0	2.325581395348837e-12	
kümele	0.0	0.064	0.0	2.325581395348837e-12	
incin	0.0	0.064	0.0	2.325581395348837e-12	
kıvır	0.0	0.064	0.0	0.023255813953488372	
ıskala	0.0	0.064	0.0	2.3809523809523812e-12	
horla	0.0	0.064	0.0	0.023809523809523808	
sarkıt	0.0	0.064	0.0	2.3809523809523812e-12	
tüt	0.0	0.064	0.0	0.21428571428571427	
bitiş	0.0	0.064	0.0	0.40476190476190477	
bez	0.0	0.064	0.0	0.47619047619047616	
kotar	0.0	0.064	0.0	0.07142857142857142	
dizginle	0.0	0.064	0.0	2.3809523809523812e-12	
yaşar	0.0	0.064	0.0	0.07142857142857142	
gerçekle	0.0	0.064	0.0	0.023809523809523808	
kak	0.0	0.064	0.0	2.4390243902439026e-12	
çırpın	0.0	0.064	0.0	2.4390243902439026e-12	
öykün	0.0	0.064	0.0	2.4390243902439026e-12	
telaşlan	0.0	0.064	0.0	0.3170731707317073	
lekele	0.0	0.064	0.0	2.4390243902439026e-12	
kara	0.0	0.064	0.0	0.6829268292682927	
ürküt	0.0	0.064	0.0	2.4390243902439026e-12	
il	0.0	0.064	0.0	2.4390243902439026e-12	
ulu	0.0	0.064	0.0	2.5000000000000003e-12	
yoksun	0.0	0.064	0.0	2.5000000000000003e-12	
diret	0.0	0.064	0.0	2.5000000000000003e-12	
tüne	0.0	0.064	0.0	2.5000000000000003e-12	
yeşillen	0.0	0.064	0.0	0.675	
kaşı	0.0	0.064	0.0	2.5000000000000003e-12	
yüreklen	0.0	0.064	0.0	0.925	
baltala	0.0	0.064	0.0	2.5000000000000003e-12	
uslan	0.0	0.064	0.0	0.075	
tersin	0.0	0.064	0.0	2.5000000000000003e-12	
lehimle	0.0	0.064	0.0	2.5000000000000003e-12	
devin	0.0	0.064	0.0	0.05128205128205128	
ucuzla	0.0	0.064	0.0	0.1794871794871795	
tekmele	0.0	0.064	0.0	2.564102564102564e-12	
eksilt	0.0	0.064	0.0	2.564102564102564e-12	
buna	0.0	0.064	0.0	2.564102564102564e-12	
fırçala	0.0	0.064	0.0	2.564102564102564e-12	
montajla	0.0	0.064	0.0	2.631578947368421e-12	
konumla	0.0	0.064	0.0	2.631578947368421e-12	
kon(II)	0.0	0.064	0.0	2.631578947368421e-12	
gev	0.0	0.064	0.0	2.631578947368421e-12	
ambalajla	0.0	0.064	0.0	2.631578947368421e-12	
nemlen	0.0	0.064	0.0	0.631578947368421	
mırıldan	0.0	0.064	0.0	2.631578947368421e-12	
akaçla	0.0	0.064	0.0	2.631578947368421e-12	
buzlan	0.0	0.064	0.0	2.631578947368421e-12	
bileş	0.0	0.064	0.0	0.3783783783783784	
doğrul	0.0	0.064	0.0	0.02702702702702703	
ıraksa	0.0	0.064	0.0	2.702702702702703e-12	
kökleş	0.0	0.064	0.0	0.10810810810810811	
hazmet	0.0	0.064	0.0	0.08108108108108109	
büyült	0.0	0.064	0.0	2.702702702702703e-12	
alıkonul	0.0	0.064	0.0	2.702702702702703e-12	
koşuş	0.0	0.064	0.0	0.8378378378378378	
tiksin	0.0	0.064	0.0	0.13513513513513514	
yuhala	0.0	0.064	0.0	0.02702702702702703	
taşın	0.0	0.064	0.0	0.02702702702702703	
perdele	0.0	0.064	0.0	2.7777777777777777e-12	
grupla	0.0	0.064	0.0	2.7777777777777777e-12	
sersemle	0.0	0.064	0.0	0.6388888888888888	
postala	0.0	0.064	0.0	2.7777777777777777e-12	
dola	0.0	0.064	0.0	0.05555555555555555	
tomurcuklan	0.0	0.064	0.0	2.8571428571428574e-12	
duyumsa	0.0	0.064	0.0	0.05714285714285714	
geçiş	0.0	0.064	0.0	0.7142857142857143	
ölçümle	0.0	0.064	0.0	2.8571428571428574e-12	
tütsüle	0.0	0.064	0.0	2.9411764705882352e-12	
tık	0.0	0.064	0.0	0.058823529411764705	
kar	0.0	0.064	0.0	2.9411764705882352e-12	
iğnele	0.0	0.064	0.0	2.9411764705882352e-12	
ayıpla	0.0	0.064	0.0	2.9411764705882352e-12	
sarmala	0.0	0.064	0.0	2.9411764705882352e-12	
düz	0.0	0.064	0.0	2.9411764705882352e-12	
emekle	0.0	0.064	0.0	2.9411764705882352e-12	
kımılda	0.0	0.064	0.0	0.09090909090909091	
harla	0.0	0.064	0.0	3.0303030303030305e-12	
eş	0.0	0.064	0.0	3.0303030303030305e-12	
ota	0.0	0.064	0.0	3.0303030303030305e-12	
kaçış	0.0	0.064	0.0	3.0303030303030305e-12	
acık	0.0	0.064	0.0	0.030303030303030304	
çatallan	0.0	0.064	0.0	0.030303030303030304	
iğren	0.0	0.064	0.0	0.0625	
palazla	0.0	0.064	0.0	3.125e-12	
eğril	0.0	0.064	0.0	3.125e-12	
hançerle	0.0	0.064	0.0	0.1875	
ağrı	0.0	0.064	0.0	0.28125	
boğumla	0.0	0.064	0.0	3.125e-12	
öksür	0.0	0.064	0.0	3.125e-12	
kamçıla	0.0	0.064	0.0	3.225806451612903e-12	
sün	0.0	0.064	0.0	0.12903225806451613	
yeniş	0.0	0.064	0.0	3.225806451612903e-12	
duygulan	0.0	0.064	0.0	0.3225806451612903	
tırmala	0.0	0.064	0.0	3.225806451612903e-12	
yit	0.0	0.064	0.0	0.03225806451612903	
şımar	0.0	0.064	0.0	0.7419354838709677	
evir	0.0	0.064	0.0	3.225806451612903e-12	
mıknatıslan	0.0	0.064	0.0	3.225806451612903e-12	
sigortala	0.0	0.064	0.0	0.06666666666666667	
bun	0.0	0.064	0.0	3.3333333333333335e-12	
avut	0.0	0.064	0.0	3.3333333333333335e-12	
sabırsızlan	0.0	0.064	0.0	3.3333333333333335e-12	
meylet	0.0	0.064	0.0	0.03333333333333333	
sayıkla	0.0	0.064	0.0	3.3333333333333335e-12	
tasla	0.0	0.064	0.0	3.3333333333333335e-12	
mükâfatlandır	0.0	0.064	0.0	3.3333333333333335e-12	
gürle	0.0	0.064	0.0	0.03333333333333333	
beyazlat	0.0	0.064	0.0	3.4482758620689658e-12	
gıdıkla	0.0	0.064	0.0	3.4482758620689658e-12	
sabret	0.0	0.064	0.0	3.4482758620689658e-12	
pus	0.0	0.064	0.0	3.4482758620689658e-12	
doluş	0.0	0.064	0.0	3.4482758620689658e-12	
tökezle	0.0	0.064	0.0	3.4482758620689658e-12	
irkil	0.0	0.064	0.0	0.13793103448275862	
hopla	0.0	0.064	0.0	0.10714285714285714	
kokuş	0.0	0.064	0.0	3.5714285714285716e-12	
didiş	0.0	0.064	0.0	3.5714285714285716e-12	
yed	0.0	0.064	0.0	3.5714285714285716e-12	
vuruş	0.0	0.064	0.0	0.03571428571428571	
sızla	0.0	0.064	0.0	0.037037037037037035	
hakket	0.0	0.064	0.0	0.037037037037037035	
uslamla	0.0	0.064	0.0	3.703703703703704e-12	
yokla	0.0	0.064	0.0	3.703703703703704e-12	
sın	0.0	0.064	0.0	3.703703703703704e-12	
karıncalan	0.0	0.064	0.0	0.037037037037037035	
büzüş	0.0	0.064	0.0	0.038461538461538464	
tartakla	0.0	0.064	0.0	0.038461538461538464	
mele	0.0	0.064	0.0	0.4230769230769231	
methet	0.0	0.064	0.0	3.846153846153846e-12	
özümle	0.0	0.064	0.0	0.038461538461538464	
hapşır	0.0	0.064	0.0	3.846153846153846e-12	
çömel	0.0	0.064	0.0	3.846153846153846e-12	
yumrukla	0.0	0.064	0.0	3.846153846153846e-12	
belle	0.0	0.064	0.0	0.4230769230769231	
yama	0.0	0.064	0.0	3.846153846153846e-12	
gagala	0.0	0.064	0.0	3.846153846153846e-12	
defet	0.0	0.064	0.0	4e-12	
ötele	0.0	0.064	0.0	4e-12	
tohumla	0.0	0.064	0.0	4e-12	
vasıflan	0.0	0.064	0.0	0.96	
tokatla	0.0	0.064	0.0	4e-12	
çivile	0.0	0.064	0.0	4e-12	
küfret	0.0	0.064	0.0	4e-12	
buğula	0.0	0.064	0.0	4e-12	
eşele	0.0	0.064	0.0	4e-12	
ban	0.0	0.064	0.0	4e-12	
söv	0.0	0.064	0.0	4e-12	
tüylen	0.0	0.064	0.0	0.08333333333333333	
sıfırla	0.0	0.064	0.0	4.166666666666667e-12	
yutkun	0.0	0.064	0.0	4.166666666666667e-12	
kekele	0.0	0.064	0.0	4.166666666666667e-12	
imle	0.0	0.064	0.0	4.166666666666667e-12	
deş	0.0	0.064	0.0	4.166666666666667e-12	
dürt	0.0	0.064	0.0	4.166666666666667e-12	
açkıla	0.0	0.064	0.0	4.166666666666667e-12	
kurcala	0.0	0.064	0.0	4.347826086956522e-12	
törpüle	0.0	0.064	0.0	4.347826086956522e-12	
ortala	0.0	0.064	0.0	4.347826086956522e-12	
örsele	0.0	0.064	0.0	4.347826086956522e-12	
hecele	0.0	0.064	0.0	4.347826086956522e-12	
sendele	0.0	0.064	0.0	4.347826086956522e-12	
parselle	0.0	0.064	0.0	0.043478260869565216	
katıl	0.0	0.064	0.0	4.347826086956522e-12	
çerçevele	0.0	0.064	0.0	0.043478260869565216	
imren	0.0	0.064	0.0	0.13043478260869565	
çıkış	0.0	0.064	0.0	4.347826086956522e-12	
uyukla	0.0	0.064	0.0	4.347826086956522e-12	
vazifelendir	0.0	0.064	0.0	4.347826086956522e-12	
zıtlaş	0.0	0.064	0.0	4.347826086956522e-12	
hasret	0.0	0.064	0.0	4.545454545454546e-12	
gecele	0.0	0.064	0.0	4.545454545454546e-12	
dikleş	0.0	0.064	0.0	0.4090909090909091	
dörtle	0.0	0.064	0.0	4.545454545454546e-12	
hikâyele	0.0	0.064	0.0	4.545454545454546e-12	
terasla	0.0	0.064	0.0	4.545454545454546e-12	
bulgula	0.0	0.064	0.0	4.7619047619047624e-12	
alar	0.0	0.064	0.0	4.7619047619047624e-12	
vergile	0.0	0.064	0.0	4.7619047619047624e-12	
ay	0.0	0.064	0.0	4.7619047619047624e-12	
panikle	0.0	0.064	0.0	4.7619047619047624e-12	
böbürlen	0.0	0.064	0.0	5.0000000000000005e-12	
artakal	0.0	0.064	0.0	5.0000000000000005e-12	
tınla	0.0	0.064	0.0	0.1	
neşelen	0.0	0.064	0.0	0.7	
közle	0.0	0.064	0.0	5.0000000000000005e-12	
dil	0.0	0.064	0.0	5.0000000000000005e-12	
yükseltge	0.0	0.064	0.0	5.0000000000000005e-12	
göçür	0.0	0.064	0.0	5.0000000000000005e-12	
düzle	0.0	0.064	0.0	0.2	
tezgâhla	0.0	0.064	0.0	5.0000000000000005e-12	
ihtisaslaş	0.0	0.064	0.0	5.0000000000000005e-12	
üstele	0.0	0.064	0.0	5.0000000000000005e-12	
çalımla	0.0	0.064	0.0	5.0000000000000005e-12	
afalla	0.0	0.064	0.0	0.1	
didin	0.0	0.064	0.0	5.0000000000000005e-12	
kanıksa	0.0	0.064	0.0	5.0000000000000005e-12	
paslaş	0.0	0.064	0.0	5.0000000000000005e-12	
boğazla	0.0	0.064	0.0	0.05	
dadan	0.0	0.064	0.0	5.263157894736842e-12	
kert	0.0	0.064	0.0	5.263157894736842e-12	
hayıflan	0.0	0.064	0.0	5.263157894736842e-12	
kelepçele	0.0	0.064	0.0	5.263157894736842e-12	
haczet	0.0	0.064	0.0	0.21052631578947367	
akdet	0.0	0.064	0.0	5.263157894736842e-12	
bürü	0.0	0.064	0.0	5.263157894736842e-12	
selamlaş	0.0	0.064	0.0	5.263157894736842e-12	
yalpala	0.0	0.064	0.0	5.263157894736842e-12	
zımparala	0.0	0.064	0.0	0.05263157894736842	
azlolun	0.0	0.064	0.0	5.263157894736842e-12	
avun	0.0	0.064	0.0	5.263157894736842e-12	
elle	0.0	0.064	0.0	0.7894736842105263	
dosyala	0.0	0.064	0.0	5.263157894736842e-12	
paralelleştir	0.0	0.064	0.0	5.263157894736842e-12	
öyküle	0.0	0.064	0.0	5.5555555555555555e-12	
silkin	0.0	0.064	0.0	5.5555555555555555e-12	
bulan	0.0	0.064	0.0	1.0	
sıvazla	0.0	0.064	0.0	5.5555555555555555e-12	
şahlan	0.0	0.064	0.0	0.1111111111111111	
sivrilt	0.0	0.064	0.0	5.5555555555555555e-12	
yaldızla	0.0	0.064	0.0	5.5555555555555555e-12	
ıh	0.0	0.064	0.0	5.5555555555555555e-12	
düze	0.0	0.064	0.0	0.2222222222222222	
özdeştir	0.0	0.064	0.0	5.5555555555555555e-12	
nicele	0.0	0.064	0.0	5.5555555555555555e-12	
sevdalan	0.0	0.064	0.0	5.5555555555555555e-12	
göze	0.0	0.064	0.0	5.5555555555555555e-12	
defol	0.0	0.064	0.0	5.5555555555555555e-12	
söyleş	0.0	0.064	0.0	5.8823529411764704e-12	
hortla	0.0	0.064	0.0	0.17647058823529413	
seğir	0.0	0.064	0.0	0.35294117647058826	
mayınla	0.0	0.064	0.0	0.058823529411764705	
dalaş	0.0	0.064	0.0	5.8823529411764704e-12	
bakın	0.0	0.064	0.0	5.8823529411764704e-12	
süblimleş	0.0	0.064	0.0	5.8823529411764704e-12	
kalıpla	0.0	0.064	0.0	5.8823529411764704e-12	
böğür	0.0	0.064	0.0	5.8823529411764704e-12	
ferahla	0.0	0.064	0.0	0.5294117647058824	
numarala	0.0	0.064	0.0	5.8823529411764704e-12	
ula	0.0	0.064	0.0	5.8823529411764704e-12	
miyavla	0.0	0.064	0.0	5.8823529411764704e-12	
dağla	0.0	0.064	0.0	0.11764705882352941	
haddele	0.0	0.064	0.0	5.8823529411764704e-12	
sezinle	0.0	0.064	0.0	5.8823529411764704e-12	
bastır	0.0	0.064	0.0	1.0	
gülüş	0.0	0.064	0.0	5.8823529411764704e-12	
şakalaş	0.0	0.064	0.0	6.25e-12	
külle	0.0	0.064	0.0	6.25e-12	
bunalt	0.0	0.064	0.0	6.25e-12	
gururlan	0.0	0.064	0.0	0.5	
odaklaş	0.0	0.064	0.0	0.25	
tozlan	0.0	0.064	0.0	0.0625	
kudur	0.0	0.064	0.0	0.125	
ufal	0.0	0.064	0.0	0.375	
çekil	0.0	0.064	0.0	6.25e-12	
geber	0.0	0.064	0.0	0.125	
çullan	0.0	0.064	0.0	6.25e-12	
öncele	0.0	0.064	0.0	6.25e-12	
dinamitle	0.0	0.064	0.0	6.25e-12	
ürper	0.0	0.064	0.0	0.4375	
homurdan	0.0	0.064	0.0	6.666666666666667e-12	
buruş	0.0	0.064	0.0	0.4	
tersle	0.0	0.064	0.0	6.666666666666667e-12	
bayramlaş	0.0	0.064	0.0	6.666666666666667e-12	
yetir	0.0	0.064	0.0	6.666666666666667e-12	
kamplaş	0.0	0.064	0.0	0.06666666666666667	
ağ	0.0	0.064	0.0	6.666666666666667e-12	
ciltle	0.0	0.064	0.0	0.2	
ılı	0.0	0.064	0.0	0.26666666666666666	
gölgelen	0.0	0.064	0.0	1.0	
heveslen	0.0	0.064	0.0	0.35714285714285715	
yaftala	0.0	0.064	0.0	7.142857142857143e-12	
çatırda	0.0	0.064	0.0	0.07142857142857142	
nikâhla	0.0	0.064	0.0	0.07142857142857142	
sayımla	0.0	0.064	0.0	7.142857142857143e-12	
morar	0.0	0.064	0.0	7.142857142857143e-12	
depreş	0.0	0.064	0.0	0.14285714285714285	
silkele	0.0	0.064	0.0	7.142857142857143e-12	
gıcırda	0.0	0.064	0.0	0.35714285714285715	
fişle	0.0	0.064	0.0	7.142857142857143e-12	
doğaçla	0.0	0.064	0.0	7.142857142857143e-12	
hıçkır	0.0	0.064	0.0	7.142857142857143e-12	
bozuş	0.0	0.064	0.0	7.142857142857143e-12	
bodosla	0.0	0.064	0.0	7.142857142857143e-12	
oranla	0.0	0.064	0.0	7.142857142857143e-12	
solla	0.0	0.064	0.0	7.142857142857143e-12	
kahret	0.0	0.064	0.0	7.692307692307693e-12	
boşla	0.0	0.064	0.0	7.692307692307693e-12	
hırla	0.0	0.064	0.0	7.692307692307693e-12	
yon	0.0	0.064	0.0	7.692307692307693e-12	
hatmet	0.0	0.064	0.0	7.692307692307693e-12	
sırıt	0.0	0.064	0.0	7.692307692307693e-12	
dit	0.0	0.064	0.0	7.692307692307693e-12	
pulla	0.0	0.064	0.0	0.07692307692307693	
bandır	0.0	0.064	0.0	7.692307692307693e-12	
menet	0.0	0.064	0.0	7.692307692307693e-12	
kırk	0.0	0.064	0.0	7.692307692307693e-12	
tuşla	0.0	0.064	0.0	7.692307692307693e-12	
balla	0.0	0.064	0.0	0.15384615384615385	
şişmanla	0.0	0.064	0.0	0.23076923076923078	
takış	0.0	0.064	0.0	7.692307692307693e-12	
topaklan	0.0	0.064	0.0	7.692307692307693e-12	
üşüş	0.0	0.064	0.0	7.692307692307693e-12	
itiş	0.0	0.064	0.0	8.333333333333334e-12	
saçmala	0.0	0.064	0.0	8.333333333333334e-12	
geğir	0.0	0.064	0.0	8.333333333333334e-12	
formatla	0.0	0.064	0.0	8.333333333333334e-12	
kıllan	0.0	0.064	0.0	8.333333333333334e-12	
tamponla	0.0	0.064	0.0	8.333333333333334e-12	
suvar	0.0	0.064	0.0	8.333333333333334e-12	
ispiyonla	0.0	0.064	0.0	8.333333333333334e-12	
küflen	0.0	0.064	0.0	8.333333333333334e-12	
kahrol	0.0	0.064	0.0	8.333333333333334e-12	
yemle	0.0	0.064	0.0	8.333333333333334e-12	
perdahla	0.0	0.064	0.0	8.333333333333334e-12	
oynaş	0.0	0.064	0.0	8.333333333333334e-12	
yaraş	0.0	0.064	0.0	8.333333333333334e-12	
hırslan	0.0	0.064	0.0	0.5	
hiddetlen	0.0	0.064	0.0	8.333333333333334e-12	
kurula	0.0	0.064	0.0	8.333333333333334e-12	
üsten	0.0	0.064	0.0	9.090909090909092e-12	
sallandır	0.0	0.064	0.0	9.090909090909092e-12	
rüzgârla	0.0	0.064	0.0	9.090909090909092e-12	
haydala	0.0	0.064	0.0	9.090909090909092e-12	
on	0.0	0.064	0.0	9.090909090909092e-12	
süngüle	0.0	0.064	0.0	9.090909090909092e-12	
çeşnile	0.0	0.064	0.0	9.090909090909092e-12	
itekle	0.0	0.064	0.0	9.090909090909092e-12	
gönen	0.0	0.064	0.0	9.090909090909092e-12	
garipse	0.0	0.064	0.0	9.090909090909092e-12	
sırla	0.0	0.064	0.0	9.090909090909092e-12	
kazıkla	0.0	0.064	0.0	9.090909090909092e-12	
kefenle	0.0	0.064	0.0	9.090909090909092e-12	
sürç	0.0	0.064	0.0	0.09090909090909091	
toz	0.0	0.064	0.0	9.090909090909092e-12	
ihtiyarla	0.0	0.064	0.0	0.09090909090909091	
köhne	0.0	0.064	0.0	9.090909090909092e-12	
hallol	0.0	0.064	0.0	9.090909090909092e-12	
kırış	0.0	0.064	0.0	0.2727272727272727	
endeksle	0.0	0.064	0.0	9.090909090909092e-12	
ovuştur	0.0	0.064	0.0	9.090909090909092e-12	
darbet	0.0	0.064	0.0	0.2	
dinel	0.0	0.064	0.0	1.0000000000000001e-11	
berkit	0.0	0.064	0.0	1.0000000000000001e-11	
körlen	0.0	0.064	0.0	1.0000000000000001e-11	
üfür	0.0	0.064	0.0	1.0000000000000001e-11	
tokuş	0.0	0.064	0.0	0.6	
kutula	0.0	0.064	0.0	1.0000000000000001e-11	
sağalt	0.0	0.064	0.0	1.0000000000000001e-11	
ornat	0.0	0.064	0.0	1.0000000000000001e-11	
marjinalleş	0.0	0.064	0.0	0.4	
tokalaş	0.0	0.064	0.0	1.0000000000000001e-11	
hüzünlen	0.0	0.064	0.0	0.1	
sayfala	0.0	0.064	0.0	1.0000000000000001e-11	
vahyolun	0.0	0.064	0.0	1.0000000000000001e-11	
defnolun	0.0	0.064	0.0	1.0000000000000001e-11	
durula	0.0	0.064	0.0	1.0000000000000001e-11	
bulutlan	0.0	0.064	0.0	1.0000000000000001e-11	
yamul	0.0	0.064	0.0	0.3	
klorla	0.0	0.064	0.0	1.0000000000000001e-11	
bağrış	0.0	0.064	0.0	1.0000000000000001e-11	
vazet	0.0	0.064	0.0	0.1	
alazla	0.0	0.064	0.0	1.0000000000000001e-11	
markala	0.0	0.064	0.0	1.0000000000000001e-11	
cisimlen	0.0	0.064	0.0	0.1	
nakşet	0.0	0.064	0.0	1.0000000000000001e-11	
topalla	0.0	0.064	0.0	1.0000000000000001e-11	
ütüle	0.0	0.064	0.0	1.0000000000000001e-11	
mimle	0.0	0.064	0.0	1.0000000000000001e-11	
akortla	0.0	0.064	0.0	1.0000000000000001e-11	
tepele	0.0	0.064	0.0	1.0000000000000001e-11	
kalayla	0.0	0.064	0.0	1.0000000000000001e-11	
dertleş	0.0	0.064	0.0	1.0000000000000001e-11	
bört	0.0	0.064	0.0	1.0000000000000001e-11	
debelen	0.0	0.064	0.0	1.0000000000000001e-11	
fiyatla	0.0	0.064	0.0	1.0000000000000001e-11	
bekin	0.0	0.064	0.0	1.0000000000000001e-11	
çığır	0.0	0.064	0.0	1.1111111111111111e-11	
zırhlan	0.0	0.064	0.0	1.1111111111111111e-11	
pohpohla	0.0	0.064	0.0	1.1111111111111111e-11	
lezzetlen	0.0	0.064	0.0	0.6666666666666666	
tısla	0.0	0.064	0.0	1.1111111111111111e-11	
darıl	0.0	0.064	0.0	0.1111111111111111	
pisle	0.0	0.064	0.0	0.3333333333333333	
ovala	0.0	0.064	0.0	1.1111111111111111e-11	
köstekle	0.0	0.064	0.0	1.1111111111111111e-11	
kamala	0.0	0.064	0.0	1.1111111111111111e-11	
vidala	0.0	0.064	0.0	1.1111111111111111e-11	
tasarımla	0.0	0.064	0.0	1.1111111111111111e-11	
ilikle	0.0	0.064	0.0	1.1111111111111111e-11	
rastlaş	0.0	0.064	0.0	1.1111111111111111e-11	
savla	0.0	0.064	0.0	1.1111111111111111e-11	
ayakla	0.0	0.064	0.0	1.1111111111111111e-11	
didikle	0.0	0.064	0.0	1.1111111111111111e-11	
mıhla	0.0	0.064	0.0	1.1111111111111111e-11	
çoksa	0.0	0.064	0.0	1.0	
değir	0.0	0.064	0.0	1.1111111111111111e-11	
adımla	0.0	0.064	0.0	1.1111111111111111e-11	
hazzet	0.0	0.064	0.0	1.1111111111111111e-11	
ofla	0.0	0.064	0.0	1.1111111111111111e-11	
tortulan	0.0	0.064	0.0	1.1111111111111111e-11	
zırhlandır	0.0	0.064	0.0	1.1111111111111111e-11	
katış	0.0	0.064	0.0	0.7777777777777778	
antlaş	0.0	0.064	0.0	1.1111111111111111e-11	
dövün	0.0	0.064	0.0	1.1111111111111111e-11	
acındır	0.0	0.064	0.0	1.1111111111111111e-11	
vakumla	0.0	0.064	0.0	1.1111111111111111e-11	
boyla	0.0	0.064	0.0	1.1111111111111111e-11	
kibirlen	0.0	0.064	0.0	0.1111111111111111	
kişne	0.0	0.064	0.0	0.3333333333333333	
affolun	0.0	0.064	0.0	1.25e-11	
üşen	0.0	0.064	0.0	1.25e-11	
anıştır	0.0	0.064	0.0	1.25e-11	
bay	0.0	0.064	0.0	1.25e-11	
bakış	0.0	0.064	0.0	1.25e-11	
tekle	0.0	0.064	0.0	1.25e-11	
uğulda	0.0	0.064	0.0	1.25e-11	
evetle	0.0	0.064	0.0	1.25e-11	
nasbet	0.0	0.064	0.0	1.25e-11	
peydahla	0.0	0.064	0.0	1.25e-11	
sıvış	0.0	0.064	0.0	1.25e-11	
eğle	0.0	0.064	0.0	1.25e-11	
başka	0.0	0.064	0.0	1.25e-11	
ıslıkla	0.0	0.064	0.0	1.25e-11	
lütfet	0.0	0.064	0.0	1.25e-11	
uzaksa	0.0	0.064	0.0	1.25e-11	
çoğulla	0.0	0.064	0.0	1.25e-11	
gocun	0.0	0.064	0.0	0.25	
helalleş	0.0	0.064	0.0	1.25e-11	
vernikle	0.0	0.064	0.0	1.25e-11	
tepin	0.0	0.064	0.0	1.25e-11	
şakla	0.0	0.064	0.0	0.5	
kıkırda	0.0	0.064	0.0	1.25e-11	
yarıla	0.0	0.064	0.0	1.25e-11	
yayla	0.0	0.064	0.0	1.25e-11	
imgele	0.0	0.064	0.0	1.25e-11	
cızla	0.0	0.064	0.0	1.25e-11	
birle	0.0	0.064	0.0	1.25e-11	
ılga	0.0	0.064	0.0	1.25e-11	
ebele	0.0	0.064	0.0	1.25e-11	
güdüle	0.0	0.064	0.0	1.25e-11	
kumla	0.0	0.064	0.0	1.25e-11	
irk	0.0	0.064	0.0	1.25e-11	
şişle	0.0	0.064	0.0	0.125	
makasla	0.0	0.064	0.0	1.25e-11	
sayış	0.0	0.064	0.0	1.25e-11	
astarla	0.0	0.064	0.0	1.4285714285714286e-11	
ıkın	0.0	0.064	0.0	1.4285714285714286e-11	
oydaş	0.0	0.064	0.0	1.4285714285714286e-11	
semir	0.0	0.064	0.0	0.2857142857142857	
dizinle	0.0	0.064	0.0	1.4285714285714286e-11	
inatlaş	0.0	0.064	0.0	1.4285714285714286e-11	
balyala	0.0	0.064	0.0	1.4285714285714286e-11	
süs	0.0	0.064	0.0	1.4285714285714286e-11	
bayatla	0.0	0.064	0.0	0.14285714285714285	
çalka	0.0	0.064	0.0	1.4285714285714286e-11	
sonla	0.0	0.064	0.0	1.4285714285714286e-11	
pençeleş	0.0	0.064	0.0	1.4285714285714286e-11	
omuzla	0.0	0.064	0.0	1.4285714285714286e-11	
okla	0.0	0.064	0.0	1.4285714285714286e-11	
patakla	0.0	0.064	0.0	1.4285714285714286e-11	
tıraşla	0.0	0.064	0.0	1.4285714285714286e-11	
yığış	0.0	0.064	0.0	1.4285714285714286e-11	
pıs	0.0	0.064	0.0	1.4285714285714286e-11	
süratlen	0.0	0.064	0.0	1.4285714285714286e-11	
azıt	0.0	0.064	0.0	1.4285714285714286e-11	
puslan	0.0	0.064	0.0	0.14285714285714285	
vızılda	0.0	0.064	0.0	1.4285714285714286e-11	
yumruklaş	0.0	0.064	0.0	1.4285714285714286e-11	
frezele	0.0	0.064	0.0	1.4285714285714286e-11	
cepheleş	0.0	0.064	0.0	1.6666666666666667e-11	
süslen	0.0	0.064	0.0	1.0	
hakla	0.0	0.064	0.0	1.6666666666666667e-11	
yas	0.0	0.064	0.0	1.6666666666666667e-11	
malala	0.0	0.064	0.0	1.6666666666666667e-11	
çap	0.0	0.064	0.0	1.6666666666666667e-11	
tembihle	0.0	0.064	0.0	1.6666666666666667e-11	
sabahla	0.0	0.064	0.0	1.6666666666666667e-11	
galvanizle	0.0	0.064	0.0	1.6666666666666667e-11	
hidrojenle	0.0	0.064	0.0	1.6666666666666667e-11	
çav	0.0	0.064	0.0	1.6666666666666667e-11	
torbala	0.0	0.064	0.0	1.6666666666666667e-11	
eğele	0.0	0.064	0.0	1.6666666666666667e-11	
çiftle	0.0	0.064	0.0	1.6666666666666667e-11	
esinlen	0.0	0.064	0.0	1.0	
kırın	0.0	0.064	0.0	1.6666666666666667e-11	
kokut	0.0	0.064	0.0	1.6666666666666667e-11	
bekleş	0.0	0.064	0.0	1.6666666666666667e-11	
payla	0.0	0.064	0.0	1.6666666666666667e-11	
soluklan	0.0	0.064	0.0	1.6666666666666667e-11	
bele	0.0	0.064	0.0	1.6666666666666667e-11	
budaklan	0.0	0.064	0.0	1.6666666666666667e-11	
faksla	0.0	0.064	0.0	1.6666666666666667e-11	
faturala	0.0	0.064	0.0	1.6666666666666667e-11	
başakla	0.0	0.064	0.0	1.6666666666666667e-11	
üt	0.0	0.064	0.0	1.6666666666666667e-11	
küfürleş	0.0	0.064	0.0	1.6666666666666667e-11	
çöreklen	0.0	0.064	0.0	1.6666666666666667e-11	
gümrükle	0.0	0.064	0.0	1.6666666666666667e-11	
berele	0.0	0.064	0.0	1.6666666666666667e-11	
çağ	0.0	0.064	0.0	1.6666666666666667e-11	
ged	0.0	0.064	0.0	1.6666666666666667e-11	
yudumla	0.0	0.064	0.0	0.16666666666666666	
ilen	0.0	0.064	0.0	1.6666666666666667e-11	
çim	0.0	0.064	0.0	1.6666666666666667e-11	
öğür	0.0	0.064	0.0	1.6666666666666667e-11	
çekiçle	0.0	0.064	0.0	1.6666666666666667e-11	
pudrala	0.0	0.064	0.0	1.6666666666666667e-11	
ulula	0.0	0.064	0.0	1.6666666666666667e-11	
çağla	0.0	0.064	0.0	1.6666666666666667e-11	
iletiş	0.0	0.064	0.0	1.6666666666666667e-11	
jurnalle	0.0	0.064	0.0	1.6666666666666667e-11	
yellen	0.0	0.064	0.0	1.6666666666666667e-11	
sancılan	0.0	0.064	0.0	1.6666666666666667e-11	
bantla	0.0	0.064	0.0	1.6666666666666667e-11	
yansıla	0.0	0.064	0.0	1.6666666666666667e-11	
sargıla	0.0	0.064	0.0	1.6666666666666667e-11	
yaylan	0.0	0.064	0.0	1.6666666666666667e-11	
gerin	0.0	0.064	0.0	1.6666666666666667e-11	
gevele	0.0	0.064	0.0	1.6666666666666667e-11	
yağmurla	0.0	0.064	0.0	1.6666666666666667e-11	
üleş	0.0	0.064	0.0	1.0	
kaytar	0.0	0.064	0.0	1.6666666666666667e-11	
koyult	0.0	0.064	0.0	2.0000000000000002e-11	
halkala	0.0	0.064	0.0	2.0000000000000002e-11	
tutkalla	0.0	0.064	0.0	2.0000000000000002e-11	
kükürtle	0.0	0.064	0.0	2.0000000000000002e-11	
denkle	0.0	0.064	0.0	2.0000000000000002e-11	
bırakış	0.0	0.064	0.0	2.0000000000000002e-11	
hayla	0.0	0.064	0.0	2.0000000000000002e-11	
özdeşle	0.0	0.064	0.0	2.0000000000000002e-11	
sarmaş	0.0	0.064	0.0	2.0000000000000002e-11	
çisele	0.0	0.064	0.0	2.0000000000000002e-11	
tapula	0.0	0.064	0.0	2.0000000000000002e-11	
gammazla	0.0	0.064	0.0	2.0000000000000002e-11	
koca	0.0	0.064	0.0	2.0000000000000002e-11	
göçer	0.0	0.064	0.0	1.0	
esri	0.0	0.064	0.0	2.0000000000000002e-11	
koyver	0.0	0.064	0.0	2.0000000000000002e-11	
üçle	0.0	0.064	0.0	2.0000000000000002e-11	
sesle	0.0	0.064	0.0	0.8	
mumla	0.0	0.064	0.0	2.0000000000000002e-11	
uçukla	0.0	0.064	0.0	0.8	
tanıt	0.0	0.064	0.0	1.0	
deneyle	0.0	0.064	0.0	2.0000000000000002e-11	
yangılan	0.0	0.064	0.0	2.0000000000000002e-11	
hislen	0.0	0.064	0.0	0.4	
sapıt	0.0	0.064	0.0	2.0000000000000002e-11	
belirt	0.0	0.064	0.0	1.0	
yamal	0.0	0.064	0.0	2.0000000000000002e-11	
sobele	0.0	0.064	0.0	2.0000000000000002e-11	
itele	0.0	0.064	0.0	2.0000000000000002e-11	
ırgan	0.0	0.064	0.0	2.0000000000000002e-11	
çelikle	0.0	0.064	0.0	2.0000000000000002e-11	
katranla	0.0	0.064	0.0	2.0000000000000002e-11	
aksır	0.0	0.064	0.0	0.2	
neşrolun	0.0	0.064	0.0	2.0000000000000002e-11	
çapala	0.0	0.064	0.0	2.0000000000000002e-11	
randevulaş	0.0	0.064	0.0	2.0000000000000002e-11	
gasbet	0.0	0.064	0.0	2.0000000000000002e-11	
savul	0.0	0.064	0.0	2.0000000000000002e-11	
çöğ	0.0	0.064	0.0	2.0000000000000002e-11	
dercet	0.0	0.064	0.0	2.0000000000000002e-11	
nalla	0.0	0.064	0.0	2.0000000000000002e-11	
yalazla	0.0	0.064	0.0	2.0000000000000002e-11	
dürtükle	0.0	0.064	0.0	2.0000000000000002e-11	
sanç	0.0	0.064	0.0	2.0000000000000002e-11	
tasalan	0.0	0.064	0.0	2.5e-11	
rampala	0.0	0.064	0.0	2.5e-11	
kızakla	0.0	0.064	0.0	2.5e-11	
yel	0.0	0.064	0.0	2.5e-11	
efsunla	0.0	0.064	0.0	2.5e-11	
tın	0.0	0.064	0.0	2.5e-11	
sepile	0.0	0.064	0.0	2.5e-11	
ut	0.0	0.064	0.0	2.5e-11	
kılıfla	0.0	0.064	0.0	2.5e-11	
kabuklan	0.0	0.064	0.0	2.5e-11	
ayrımla	0.0	0.064	0.0	2.5e-11	
nazlan	0.0	0.064	0.0	2.5e-11	
ürü	0.0	0.064	0.0	0.25	
nakışla	0.0	0.064	0.0	2.5e-11	
biliş	0.0	0.064	0.0	2.5e-11	
hükmolun	0.0	0.064	0.0	2.5e-11	
kırpış	0.0	0.064	0.0	2.5e-11	
otala	0.0	0.064	0.0	2.5e-11	
genel	0.0	0.064	0.0	2.5e-11	
tomur	0.0	0.064	0.0	0.25	
çapulla	0.0	0.064	0.0	2.5e-11	
göy	0.0	0.064	0.0	2.5e-11	
kubaş	0.0	0.064	0.0	2.5e-11	
keyiflen	0.0	0.064	0.0	1.0	
kubar	0.0	0.064	0.0	2.5e-11	
alaşımla	0.0	0.064	0.0	2.5e-11	
tün	0.0	0.064	0.0	2.5e-11	
büyüklen	0.0	0.064	0.0	2.5e-11	
kıvılcımlan	0.0	0.064	0.0	0.25	
banla	0.0	0.064	0.0	2.5e-11	
küre	0.0	0.064	0.0	2.5e-11	
koşulla	0.0	0.064	0.0	2.5e-11	
ene	0.0	0.064	0.0	0.75	
çözüş	0.0	0.064	0.0	0.75	
siy	0.0	0.064	0.0	2.5e-11	
fokurda	0.0	0.064	0.0	2.5e-11	
cebelleş	0.0	0.064	0.0	2.5e-11	
sonuçla	0.0	0.064	0.0	2.5e-11	
tıngırda	0.0	0.064	0.0	0.75	
silola	0.0	0.064	0.0	2.5e-11	
kırıt	0.0	0.064	0.0	2.5e-11	
buzağıla	0.0	0.064	0.0	2.5e-11	
huysuzlan	0.0	0.064	0.0	2.5e-11	
huylan	0.0	0.064	0.0	2.5e-11	
haccet	0.0	0.064	0.0	2.5e-11	
savsakla	0.0	0.064	0.0	2.5e-11	
kavla	0.0	0.064	0.0	2.5e-11	
sızır	0.0	0.064	0.0	2.5e-11	
kokulan	0.0	0.064	0.0	1.0	
seyreyle	0.0	0.064	0.0	2.5e-11	
gürülde	0.0	0.064	0.0	2.5e-11	
merkezle	0.0	0.064	0.0	2.5e-11	
dayanış	0.0	0.064	0.0	2.5e-11	
sekile	0.0	0.064	0.0	2.5e-11	
nefyet	0.0	0.064	0.0	3.3333333333333335e-11	
yalabı	0.0	0.064	0.0	3.3333333333333335e-11	
gazla	0.0	0.064	0.0	3.3333333333333335e-11	
karele	0.0	0.064	0.0	3.3333333333333335e-11	
ergür	0.0	0.064	0.0	3.3333333333333335e-11	
çapkı	0.0	0.064	0.0	3.3333333333333335e-11	
kesele	0.0	0.064	0.0	3.3333333333333335e-11	
mırla	0.0	0.064	0.0	3.3333333333333335e-11	
arşınla	0.0	0.064	0.0	3.3333333333333335e-11	
fısıldaş	0.0	0.064	0.0	3.3333333333333335e-11	
esir	0.0	0.064	0.0	3.3333333333333335e-11	
eser	0.0	0.064	0.0	3.3333333333333335e-11	
ocu	0.0	0.064	0.0	0.3333333333333333	
mürekkeple	0.0	0.064	0.0	0.3333333333333333	
jiletle	0.0	0.064	0.0	3.3333333333333335e-11	
rötuşla	0.0	0.064	0.0	3.3333333333333335e-11	
yerin	0.0	0.064	0.0	3.3333333333333335e-11	
açımla	0.0	0.064	0.0	3.3333333333333335e-11	
üş	0.0	0.064	0.0	3.3333333333333335e-11	
sürün	0.0	0.064	0.0	1.0	
dönen	0.0	0.064	0.0	3.3333333333333335e-11	
çiziktir	0.0	0.064	0.0	3.3333333333333335e-11	
kakış	0.0	0.064	0.0	3.3333333333333335e-11	
tornala	0.0	0.064	0.0	3.3333333333333335e-11	
yaltaklan	0.0	0.064	0.0	3.3333333333333335e-11	
tavsa	0.0	0.064	0.0	3.3333333333333335e-11	
ensele	0.0	0.064	0.0	3.3333333333333335e-11	
bağda	0.0	0.064	0.0	3.3333333333333335e-11	
sopala	0.0	0.064	0.0	3.3333333333333335e-11	
badanala	0.0	0.064	0.0	3.3333333333333335e-11	
haşılla	0.0	0.064	0.0	3.3333333333333335e-11	
zımbala	0.0	0.064	0.0	3.3333333333333335e-11	
çevrile	0.0	0.064	0.0	3.3333333333333335e-11	
ötüş	0.0	0.064	0.0	3.3333333333333335e-11	
celbet	0.0	0.064	0.0	3.3333333333333335e-11	
açın	0.0	0.064	0.0	1.0	
bereketlen	0.0	0.064	0.0	1.0	
tüy	0.0	0.064	0.0	3.3333333333333335e-11	
alakalan	0.0	0.064	0.0	0.6666666666666666	
parala	0.0	0.064	0.0	3.3333333333333335e-11	
zamkla	0.0	0.064	0.0	3.3333333333333335e-11	
kafesle	0.0	0.064	0.0	3.3333333333333335e-11	
kargı	0.0	0.064	0.0	3.3333333333333335e-11	
örnekse	0.0	0.064	0.0	3.3333333333333335e-11	
ödünçle	0.0	0.064	0.0	3.3333333333333335e-11	
devrolun	0.0	0.064	0.0	3.3333333333333335e-11	
zikrolun	0.0	0.064	0.0	3.3333333333333335e-11	
şenel	0.0	0.064	0.0	0.6666666666666666	
yadımla	0.0	0.064	0.0	3.3333333333333335e-11	
harekele	0.0	0.064	0.0	3.3333333333333335e-11	
sağal	0.0	0.064	0.0	3.3333333333333335e-11	
tosla	0.0	0.064	0.0	3.3333333333333335e-11	
sarsala	0.0	0.064	0.0	3.3333333333333335e-11	
zimmetle	0.0	0.064	0.0	3.3333333333333335e-11	
karbonatla	0.0	0.064	0.0	3.3333333333333335e-11	
kederlen	0.0	0.064	0.0	0.3333333333333333	
çevrin	0.0	0.064	0.0	3.3333333333333335e-11	
şartla	0.0	0.064	0.0	3.3333333333333335e-11	
menevişle	0.0	0.064	0.0	3.3333333333333335e-11	
kep	0.0	0.064	0.0	3.3333333333333335e-11	
demetlen	0.0	0.064	0.0	3.3333333333333335e-11	
sürgüle	0.0	0.064	0.0	3.3333333333333335e-11	
hortumla	0.0	0.064	0.0	3.3333333333333335e-11	
gümbürde	0.0	0.064	0.0	3.3333333333333335e-11	
alçıla	0.0	0.064	0.0	3.3333333333333335e-11	
fitille	0.0	0.064	0.0	3.3333333333333335e-11	
halet	0.0	0.064	0.0	3.3333333333333335e-11	
keyfet	0.0	0.064	0.0	3.3333333333333335e-11	
briketle	0.0	0.064	0.0	3.3333333333333335e-11	
yazla	0.0	0.064	0.0	3.3333333333333335e-11	
hararetlen	0.0	0.064	0.0	0.6666666666666666	
dilen	0.0	0.064	0.0	1.0	
pörsü	0.0	0.064	0.0	3.3333333333333335e-11	
masset	0.0	0.064	0.0	3.3333333333333335e-11	
beşle	0.0	0.064	0.0	3.3333333333333335e-11	
köpüklen	0.0	0.064	0.0	3.3333333333333335e-11	
nötrle	0.0	0.064	0.0	3.3333333333333335e-11	
tabet	0.0	0.064	0.0	3.3333333333333335e-11	
koklaş	0.0	0.064	0.0	5e-11	
süzgeçle	0.0	0.064	0.0	5e-11	
parmakla	0.0	0.064	0.0	5e-11	
beneklen	0.0	0.064	0.0	5e-11	
bölgele	0.0	0.064	0.0	5e-11	
şerbetle	0.0	0.064	0.0	5e-11	
çent	0.0	0.064	0.0	5e-11	
polar	0.0	0.064	0.0	5e-11	
kinlen	0.0	0.064	0.0	5e-11	
tasnifle	0.0	0.064	0.0	5e-11	
sepele	0.0	0.064	0.0	5e-11	
kancala	0.0	0.064	0.0	5e-11	
notala	0.0	0.064	0.0	5e-11	
vehmet	0.0	0.064	0.0	5e-11	
şırılda	0.0	0.064	0.0	5e-11	
parametrele	0.0	0.064	0.0	5e-11	
diklen	0.0	0.064	0.0	5e-11	
anır	0.0	0.064	0.0	5e-11	
dipçikle	0.0	0.064	0.0	5e-11	
ümitlen	0.0	0.064	0.0	1.0	
zıpkınla	0.0	0.064	0.0	5e-11	
çelmele	0.0	0.064	0.0	5e-11	
bandajla	0.0	0.064	0.0	5e-11	
sırı	0.0	0.064	0.0	5e-11	
siyanürle	0.0	0.064	0.0	5e-11	
sayla	0.0	0.064	0.0	5e-11	
vınla	0.0	0.064	0.0	5e-11	
sekit	0.0	0.064	0.0	5e-11	
guslet	0.0	0.064	0.0	5e-11	
alala	0.0	0.064	0.0	5e-11	
kırkla	0.0	0.064	0.0	5e-11	
pürüzlen	0.0	0.064	0.0	0.5	
kaşın	0.0	0.064	0.0	1.0	
erginle	0.0	0.064	0.0	5e-11	
ahdet	0.0	0.064	0.0	5e-11	
destele	0.0	0.064	0.0	5e-11	
kaşan	0.0	0.064	0.0	1.0	
topakla	0.0	0.064	0.0	5e-11	
barikatla	0.0	0.064	0.0	5e-11	
kıskaçla	0.0	0.064	0.0	5e-11	
kürne	0.0	0.064	0.0	5e-11	
deşele	0.0	0.064	0.0	5e-11	
ırgala	0.0	0.064	0.0	5e-11	
yivle	0.0	0.064	0.0	5e-11	
titizlen	0.0	0.064	0.0	5e-11	
desenle	0.0	0.064	0.0	5e-11	
okra	0.0	0.064	0.0	5e-11	
orantıla	0.0	0.064	0.0	5e-11	
röntgenle	0.0	0.064	0.0	5e-11	
somur	0.0	0.064	0.0	1.0	
kıp	0.0	0.064	0.0	5e-11	
açıl	0.0	0.064	0.0	5e-11	
gümüşle	0.0	0.064	0.0	5e-11	
çöm	0.0	0.064	0.0	5e-11	
osur	0.0	0.064	0.0	5e-11	
efkârlan	0.0	0.064	0.0	5e-11	
kürü	0.0	0.064	0.0	5e-11	
soğanla	0.0	0.064	0.0	5e-11	
dikel	0.0	0.064	0.0	5e-11	
tıkırda	0.0	0.064	0.0	0.5	
yongala	0.0	0.064	0.0	5e-11	
cevret	0.0	0.064	0.0	5e-11	
vakla	0.0	0.064	0.0	5e-11	
ilmekle	0.0	0.064	0.0	5e-11	
çıtla	0.0	0.064	0.0	0.5	
zamlan	0.0	0.064	0.0	5e-11	
örgüle	0.0	0.064	0.0	5e-11	
sabunla	0.0	0.064	0.0	5e-11	
öze	0.0	0.064	0.0	5e-11	
serdet	0.0	0.064	0.0	5e-11	
çağılda	0.0	0.064	0.0	5e-11	
özgüle	0.0	0.064	0.0	5e-11	
dişle	0.0	0.064	0.0	5e-11	
tanele	0.0	0.064	0.0	5e-11	
pırılda	0.0	0.064	0.0	5e-11	
şampuanla	0.0	0.064	0.0	5e-11	
nurlan	0.0	0.064	0.0	5e-11	
renkle	0.0	0.064	0.0	5e-11	
mıncıkla	0.0	0.064	0.0	5e-11	
gevre	0.0	0.064	0.0	0.5	
muştula	0.0	0.064	0.0	5e-11	
yaslan	0.0	0.064	0.0	5e-11	
çulla	0.0	0.064	0.0	5e-11	
uğun	0.0	0.064	0.0	5e-11	
yarlıga	0.0	0.064	0.0	5e-11	
kepeklen	0.0	0.064	0.0	5e-11	
kaşele	0.0	0.064	0.0	5e-11	
boyala	0.0	0.064	0.0	5e-11	
takırda	0.0	0.064	0.0	0.5	
çimdikle	0.0	0.064	0.0	5e-11	
çuvalla	0.0	0.064	0.0	5e-11	
kalburla	0.0	0.064	0.0	5e-11	
nihayetlen	0.0	0.064	0.0	0.5	
gedil	0.0	0.064	0.0	5e-11	
tırmıkla	0.0	0.064	0.0	5e-11	
kavza	0.0	0.064	0.0	5e-11	
tımarla	0.0	0.064	0.0	5e-11	
uzat	0.0	0.064	0.0	1.0	
sifonla	0.0	0.064	0.0	5e-11	
siperlen	0.0	0.064	0.0	5e-11	
arakla	0.0	0.064	0.0	5e-11	
darbele	0.0	0.064	0.0	5e-11	
dikizle	0.0	0.064	0.0	5e-11	
ırala	0.0	0.064	0.0	5e-11	
bileyle	0.0	0.064	0.0	0.5	
yassıl	0.0	0.064	0.0	1.0	
güneşlen	0.0	0.064	0.0	1.0	
yelle	0.0	0.064	0.0	5e-11	
kâğıtla	0.0	0.064	0.0	5e-11	
eyerle	0.0	0.064	0.0	5e-11	
rutubetlen	0.0	0.064	0.0	5e-11	
sümkür	0.0	0.064	0.0	5e-11	
çırçırla	0.0	0.064	0.0	5e-11	
anıkla	0.0	0.064	0.0	5e-11	
şakra	0.0	0.064	0.0	5e-11	
ödeş	0.0	0.064	0.0	5e-11	
bekit	0.0	0.064	0.0	5e-11	
esle	0.0	0.064	0.0	5e-11	
kocal	0.0	0.064	0.0	5e-11	
nazmet	0.0	0.064	0.0	5e-11	
hamlet	0.0	0.064	0.0	5e-11	
karı	0.0	0.064	0.0	5e-11	
hırılda	0.0	0.064	0.0	5e-11	
nasiplen	0.0	0.064	0.0	5e-11	
şıngırda	0.0	0.064	0.0	0.5	
çit	0.0	0.064	0.0	1e-10	
elektrikle	0.0	0.064	0.0	1e-10	
cıyakla	0.0	0.064	0.0	1e-10	
sıkıla	0.0	0.064	0.0	1e-10	
sabreyle	0.0	0.064	0.0	1e-10	
şarla	0.0	0.064	0.0	1e-10	
betelen	0.0	0.064	0.0	1e-10	
hasırla	0.0	0.064	0.0	1e-10	
apış	0.0	0.064	0.0	1e-10	
çentikle	0.0	0.064	0.0	1e-10	
tırpanla	0.0	0.064	0.0	1e-10	
ilintile	0.0	0.064	0.0	1e-10	
kahırlan	0.0	0.064	0.0	1e-10	
karşıtla	0.0	0.064	0.0	1e-10	
tekerle	0.0	0.064	0.0	1e-10	
bozla	0.0	0.064	0.0	1e-10	
ambarla	0.0	0.064	0.0	1e-10	
kılavuzla	0.0	0.064	0.0	1e-10	
koltukla	0.0	0.064	0.0	1e-10	
ahzet	0.0	0.064	0.0	1e-10	
afişle	0.0	0.064	0.0	1e-10	
pakla	0.0	0.064	0.0	1e-10	
kısımla	0.0	0.064	0.0	1e-10	
akçala	0.0	0.064	0.0	1e-10	
cıv	0.0	0.064	0.0	1e-10	
tayla	0.0	0.064	0.0	1e-10	
açınsa	0.0	0.064	0.0	1e-10	
mineralleştir	0.0	0.064	0.0	1e-10	
gemle	0.0	0.064	0.0	1e-10	
pırtla	0.0	0.064	0.0	1.0	
tabakala	0.0	0.064	0.0	1e-10	
hohla	0.0	0.064	0.0	1e-10	
minele	0.0	0.064	0.0	1e-10	
gadret	0.0	0.064	0.0	1e-10	
tırnakla	0.0	0.064	0.0	1e-10	
şırla	0.0	0.064	0.0	1e-10	
sıvala	0.0	0.064	0.0	1e-10	
zıngırda	0.0	0.064	0.0	1.0	
soruş	0.0	0.064	0.0	1e-10	
dumanla	0.0	0.064	0.0	1e-10	
ayla	0.0	0.064	0.0	1e-10	
toslaş	0.0	0.064	0.0	1e-10	
çıtırda	0.0	0.064	0.0	1e-10	
sokuş	0.0	0.064	0.0	1.0	
tomrukla	0.0	0.064	0.0	1e-10	
harelen	0.0	0.064	0.0	1e-10	
unla	0.0	0.064	0.0	1e-10	
cüretlen	0.0	0.064	0.0	1e-10	
tayyet	0.0	0.064	0.0	1e-10	
poşetle	0.0	0.064	0.0	1e-10	
sızdır	0.0	0.064	0.0	1.0	
konukla	0.0	0.064	0.0	1e-10	
camla	0.0	0.064	0.0	1e-10	
tokmakla	0.0	0.064	0.0	1e-10	
soyla	0.0	0.064	0.0	1e-10	
feyzal	0.0	0.064	0.0	1e-10	
nakşol	0.0	0.064	0.0	1e-10	
sikkele	0.0	0.064	0.0	1e-10	
çapraş	0.0	0.064	0.0	1e-10	
sürüştür	0.0	0.064	0.0	1e-10	
eğleş	0.0	0.064	0.0	1e-10	
lağvol	0.0	0.064	0.0	1e-10	
kılıçla	0.0	0.064	0.0	1e-10	
harcet	0.0	0.064	0.0	1e-10	
tünekle	0.0	0.064	0.0	1e-10	
varakla	0.0	0.064	0.0	1e-10	
afsunla	0.0	0.064	0.0	1e-10	
çivitle	0.0	0.064	0.0	1e-10	
türet	0.0	0.064	0.0	1e-10	
fışırda	0.0	0.064	0.0	1e-10	
ötür	0.0	0.064	0.0	1e-10	
atlat	0.0	0.064	0.0	1.0	
karışla	0.0	0.064	0.0	1e-10	
hıfzet	0.0	0.064	0.0	1e-10	
silahla	0.0	0.064	0.0	1e-10	
zenginle	0.0	0.064	0.0	1e-10	
durala	0.0	0.064	0.0	1e-10	
vızla	0.0	0.064	0.0	1e-10	
faslet	0.0	0.064	0.0	1e-10	
parafla	0.0	0.064	0.0	1e-10	
alacala	0.0	0.064	0.0	1e-10	
eyit	0.0	0.064	0.0	1e-10	
çıv	0.0	0.064	0.0	1e-10	
yırla	0.0	0.064	0.0	1e-10	
pörtle	0.0	0.064	0.0	1.0	
çile	0.0	0.064	0.0	1e-10	
payandala	0.0	0.064	0.0	1e-10	
emiş	0.0	0.064	0.0	1e-10	
tebeşirle	0.0	0.064	0.0	1e-10	
çaşıtla	0.0	0.064	0.0	1e-10	
işkillen	0.0	0.064	0.0	1e-10	
kalafatla	0.0	0.064	0.0	1e-10	
şeritle	0.0	0.064	0.0	1e-10	
kakala	0.0	0.064	0.0	1e-10	
mıknatısla	0.0	0.064	0.0	1e-10	
kuzula	0.0	0.064	0.0	1e-10	
yamala	0.0	0.064	0.0	1e-10	
aprele	0.0	0.064	0.0	1e-10	
deyiver	0.0	0.064	0.0	1e-10	
karmaş	0.0	0.064	0.0	1e-10	
recmet	0.0	0.064	0.0	1e-10	
gerekse	0.0	0.064	0.0	1e-10	
seyirt	0.0	0.064	0.0	1e-10	
gidiş	0.0	0.064	0.0	1e-10	
ağna	0.0	0.064	0.0	1e-10	
zehret	0.0	0.064	0.0	1e-10	
vıcırda	0.0	0.064	0.0	1e-10	
kınala	0.0	0.064	0.0	1e-10	
siyahlat	0.0	0.064	0.0	1e-10	
tıkın	0.0	0.064	0.0	1e-10	
gırtlakla	0.0	0.064	0.0	1e-10	
şekerle	0.0	0.064	0.0	1e-10	
addolun	0.0	0.064	0.0	1e-10	
harfle	0.0	0.064	0.0	1e-10	
lafla	0.0	0.064	0.0	1e-10	
şapırda	0.0	0.064	0.0	1.0	
hafifse	0.0	0.064	0.0	1e-10	
teyelle	0.0	0.064	0.0	1e-10	
durul	0.0	0.064	0.0	1.0	
meleş	0.0	0.064	0.0	1e-10	
kütürde	0.0	0.064	0.0	1e-10	
hışırda	0.0	0.064	0.0	1.0	
şutla	0.0	0.064	0.0	1e-10	
çöğün	0.0	0.064	0.0	1e-10	
kanır	0.0	0.064	0.0	1.0	
bütçele	0.0	0.064	0.0	1e-10	
oynat	0.0	0.064	0.0	1.0	
çayırla	0.0	0.064	0.0	1e-10	
reddeyle	0.0	0.064	0.0	1e-10	
mutlan	0.0	0.064	0.0	1e-10	
bollan	0.0	0.064	0.0	1e-10	
titret	0.0	0.064	0.0	1e-10	
güdele	0.0	0.064	0.0	1e-10	
çemre	0.0	0.064	0.0	1e-10	
savakla	0.0	0.064	0.0	1e-10	
kesbet	0.0	0.064	0.0	1e-10	
boşat	0.0	0.064	0.0	1.0	
mayış	0.0	0.064	0.0	1e-10	
esenle	0.0	0.064	0.0	1e-10	
gaslet	0.0	0.064	0.0	1e-10	
mırılda	0.0	0.064	0.0	1e-10	
kolala	0.0	0.064	0.0	1e-10	
topukla	0.0	0.064	0.0	1e-10	
gıdakla	0.0	0.064	0.0	1e-10	
sislen	0.0	0.064	0.0	1e-10	
yelpazele	0.0	0.064	0.0	1e-10	
üzengile	0.0	0.064	0.0	1e-10	
terbiyele	0.0	0.064	0.0	1e-10	
aban	0.0	0.064	0.0	1e-10	
sancı	0.0	0.064	0.0	1e-10	
sığa	0.0	0.064	0.0	1e-10	
köpüle	0.0	0.064	0.0	1e-10	
orsala	0.0	0.064	0.0	1e-10	
yoğurtla	0.0	0.064	0.0	1e-10	
buğzet	0.0	0.064	0.0	1e-10	
tırs	0.0	0.064	0.0	1e-10	
zırvala	0.0	0.064	0.0	1e-10	
ılıştır	0.0	0.064	0.0	1e-10	
apazla	0.0	0.064	0.0	1e-10	
avuçla	0.0	0.064	0.0	1e-10	
abra	0.0	0.064	0.0	1e-10	
masajla	0.0	0.064	0.0	1e-10	
domal	0.0	0.064	0.0	1e-10	
sik	0.0	0.064	0.0	1e-10	
dazla	0.0	0.064	0.0	1e-10	
sarımsakla	0.0	0.064	0.0	1e-10	
havuzla	0.0	0.064	0.0	1e-10	
kredile	0.0	0.064	0.0	1e-10	
sarın	0.0	0.064	0.0	1e-10	
talanla	0.0	0.064	0.0	1e-10	
raspala	0.0	0.064	0.0	1e-10	
kaşarlan	0.0	0.064	0.0	1e-10	
dökün	0.0	0.064	0.0	1e-10	
merhabalaş	0.0	0.064	0.0	1e-10	
şaşala	0.0	0.064	0.0	1e-10	
dehle	0.0	0.064	0.0	1e-10	
kulaçla	0.0	0.064	0.0	1e-10	
fıkırda	0.0	0.064	0.0	1e-10	
yokumsa	0.0	0.064	0.0	1e-10	
planyala	0.0	0.064	0.0	1e-10	
kuşakla	0.0	0.064	0.0	1e-10	
rakamla	0.0	0.064	0.0	1e-10	
gurulda	0.0	0.064	0.0	1e-10	
ayrımsa	0.0	0.064	0.0	1e-10	
tıpala	0.0	0.064	0.0	1e-10	
böceklen	0.0	0.064	0.0	1e-10	
ödünle	0.0	0.064	0.0	1e-10	
zannolun	0.0	0.064	0.0	1e-10	
çekimle	0.0	0.064	0.0	1e-10	
sepetle	0.0	0.064	0.0	1e-10	
yanşa	0.0	0.064	0.0	1e-10	
tangırda	0.0	0.064	0.0	1e-10	
sıcakla	0.0	0.064	0.0	1e-10	
düğmele	0.0	0.064	0.0	1e-10	
hiçle	0.0	0.064	0.0	1e-10	
cumbala	0.0	0.064	0.0	1e-10	
çitle	0.0	0.064	0.0	1e-10	
kolayla	0.0	0.064	0.0	1e-10	
arkala	0.0	0.064	0.0	1e-10	
zırla	0.0	0.064	0.0	1e-10	
yülü	0.0	0.064	0.0	1e-10	
tipile	0.0	0.064	0.0	1e-10	
tirele	0.0	0.064	0.0	1e-10	
günüle	0.0	0.064	0.0	1e-10	
tıkış	0.0	0.064	0.0	1.0	
taharetlen	0.0	0.064	0.0	1e-10	
tüple	0.0	0.064	0.0	1e-10	
raptet	0.0	0.064	0.0	1e-10	
azotla	0.0	0.064	0.0	1e-10	
büyükse	0.0	0.064	0.0	1e-10	
cızırda	0.0	0.064	0.0	1e-10	
emreyle	0.0	0.064	0.0	1e-10	
çocukla	0.0	0.064	0.0	1e-10	
cemet	0.0	0.064	0.0	1e-10	
kemerle	0.0	0.064	0.0	1e-10	
küçükse	0.0	0.064	0.0	1e-10	
